filing_date,annual,EntityCommonStockSharesOutstanding_shares,EntityPublicFloat_USD,AccountsPayableCurrent_USD,AccountsPayableOtherCurrentAndNoncurrent_USD,AccountsPayableTradeCurrent_USD,AccountsReceivableNetCurrent_USD,AccrualForEnvironmentalLossContingencies_USD,AccruedIncomeTaxesCurrent_USD,AccruedLiabilitiesCurrent_USD,AccumulatedDepreciationDepletionAndAmortizationPropertyPlantAndEquipment_USD,AccumulatedOtherComprehensiveIncomeLossNetOfTax_USD,AdditionalPaidInCapital_USD,AdjustmentsToAdditionalPaidInCapitalOther_USD,AdjustmentsToAdditionalPaidInCapitalSharebasedCompensationRequisiteServicePeriodRecognitionValue_USD,AllocatedShareBasedCompensationExpense_USD,AllowanceForDoubtfulAccountsReceivableCurrent_USD,AllowanceForDoubtfulAccountsReceivablePeriodIncreaseDecrease_USD,AllowanceForDoubtfulAccountsReceivableWriteOffs_USD,AmortizationOfIntangibleAssets_USD,Assets_USD,AssetsCurrent_USD,AssetsOfDisposalGroupIncludingDiscontinuedOperation_USD,AssetsOfDisposalGroupIncludingDiscontinuedOperationCurrent_USD,AvailableForSaleSecuritiesDebtMaturitiesAfterOneThroughFiveYearsFairValue_USD,BusinessCombinationConsiderationTransferredEquityInterestsIssuedAndIssuable_USD,CapitalLeaseObligationsNoncurrent_USD,CashAndCashEquivalentsAtCarryingValue_USD,CashCashEquivalentsRestrictedCashAndRestrictedCashEquivalents_USD,CashCashEquivalentsRestrictedCashAndRestrictedCashEquivalentsIncludingDisposalGroupAndDiscontinuedOperations_USD,CashCashEquivalentsRestrictedCashAndRestrictedCashEquivalentsPeriodIncreaseDecreaseIncludingExchangeRateEffect_USD,CashFlowHedgeGainLossToBeReclassifiedWithinTwelveMonths_USD,CommonStockDividendsPerShareDeclared_USD/shares,CommonStockParOrStatedValuePerShare_USD/shares,CommonStockSharesAuthorized_shares,CommonStockSharesIssued_shares,CommonStockSharesOutstanding_shares,CommonStockValue_USD,ComprehensiveIncomeNetOfTax_USD,ComprehensiveIncomeNetOfTaxAttributableToNoncontrollingInterest_USD,ComprehensiveIncomeNetOfTaxIncludingPortionAttributableToNoncontrollingInterest_USD,ContractWithCustomerAssetNetCurrent_USD,ContractWithCustomerAssetNetNoncurrent_USD,CostOfGoodsAndServicesSold_USD,DebtCurrent_USD,DebtInstrumentCarryingAmount_USD,DebtInstrumentRedemptionPricePercentage_pure,DebtInstrumentRepurchaseAmount_USD,DebtInstrumentUnamortizedDiscountPremiumAndDebtIssuanceCostsNet_USD,DebtSecurities_USD,DeferredIncomeTaxAssetsNet_USD,DeferredIncomeTaxLiabilities_USD,DeferredIncomeTaxLiabilitiesNet_USD,DeferredRevenue_USD,DeferredRevenueRevenueRecognized1_USD,DeferredTaxAssetsGross_USD,DeferredTaxAssetsInventory_USD,DeferredTaxAssetsInvestments_USD,DeferredTaxAssetsNet_USD,DeferredTaxAssetsOperatingLossCarryforwards_USD,DeferredTaxAssetsOther_USD,DeferredTaxAssetsTaxCreditCarryforwards_USD,DeferredTaxAssetsTaxDeferredExpenseCompensationAndBenefits_USD,DeferredTaxAssetsTaxDeferredExpenseReservesAndAccrualsOther_USD,DeferredTaxAssetsUnrealizedCurrencyLosses_USD,DeferredTaxAssetsValuationAllowance_USD,DeferredTaxLiabilities_USD,DeferredTaxLiabilitiesDeferredExpenseCapitalizedInventoryCosts_USD,DeferredTaxLiabilitiesGoodwillAndIntangibleAssets_USD,DeferredTaxLiabilitiesOther_USD,DeferredTaxLiabilitiesPropertyPlantAndEquipment_USD,DeferredTaxLiabilitiesUnrealizedCurrencyTransactionGains_USD,DefinedBenefitPlanAccumulatedBenefitObligation_USD,DefinedBenefitPlanAssumptionsUsedCalculatingBenefitObligationDiscountRate_pure,DefinedBenefitPlanAssumptionsUsedCalculatingNetPeriodicBenefitCostExpectedLongTermReturnOnAssets_pure,DefinedBenefitPlanContributionsByEmployer_USD,DefinedBenefitPlanFundedStatusOfPlan_USD,DefinedBenefitPlanPlanAssetsTargetAllocationPercentage_pure,Depreciation_USD,DepreciationDepletionAndAmortization_USD,DerivativeAssetFairValueGrossAssetIncludingNotSubjectToMasterNettingArrangement_USD,DerivativeAssetFairValueGrossLiabilityAndObligationToReturnCashOffset_USD,DerivativeAssets_USD,DerivativeLiabilities_USD,DerivativeLiabilityFairValueGrossAssetAndRightToReclaimCashOffset_USD,DerivativeLiabilityFairValueGrossLiabilityIncludingNotSubjectToMasterNettingArrangement_USD,DiscontinuedOperationGainLossOnDisposalOfDiscontinuedOperationNetOfTax_USD,DiscontinuedOperationIncomeLossFromDiscontinuedOperationNetOfTaxPerBasicShare_USD/shares,DiscontinuedOperationIncomeLossFromDiscontinuedOperationNetOfTaxPerDilutedShare_USD/shares,DisposalGroupIncludingDiscontinuedOperationAssetsNoncurrent_USD,DisposalGroupIncludingDiscontinuedOperationCashAndCashEquivalents_USD,DividendsCommonStock_USD,DividendsPreferredStock_USD,DueFromAffiliates_USD,EarningsPerShareBasic_USD/shares,EarningsPerShareDiluted_USD/shares,EffectOfExchangeRateOnCashCashEquivalentsRestrictedCashAndRestrictedCashEquivalents_USD,EmployeeServiceShareBasedCompensationNonvestedAwardsTotalCompensationCostNotYetRecognizedStockOptions_USD,EmployeeServiceShareBasedCompensationTaxBenefitFromCompensationExpense_USD,EquityMethodInvestmentOtherThanTemporaryImpairment_USD,EquityMethodInvestments_USD,FinanceLeaseInterestExpense_USD,FinanceLeaseInterestPaymentOnLiability_USD,FinanceLeaseLiability_USD,FinanceLeaseLiabilityCurrent_USD,FinanceLeaseLiabilityNoncurrent_USD,FinanceLeaseLiabilityPaymentsDue_USD,FinanceLeaseLiabilityPaymentsDueAfterYearFive_USD,FinanceLeaseLiabilityPaymentsDueNextTwelveMonths_USD,FinanceLeaseLiabilityPaymentsDueYearFive_USD,FinanceLeaseLiabilityPaymentsDueYearFour_USD,FinanceLeaseLiabilityPaymentsDueYearThree_USD,FinanceLeaseLiabilityPaymentsDueYearTwo_USD,FinanceLeaseLiabilityPaymentsRemainderOfFiscalYear_USD,FinanceLeaseLiabilityUndiscountedExcessAmount_USD,FinanceLeasePrincipalPayments_USD,FinanceLeaseRightOfUseAssetAmortization_USD,FinanceLeaseWeightedAverageDiscountRatePercent_pure,FinancingReceivableAllowanceForCreditLossesRecovery_USD,FiniteLivedIntangibleAssetsAccumulatedAmortization_USD,FiniteLivedIntangibleAssetsGross_USD,FiniteLivedIntangibleAssetsNet_USD,ForeignCurrencyTransactionGainLossBeforeTax_USD,GainLossOnDerivativeInstrumentsNetPretax_USD,GainLossOnDispositionOfAssets1_USD,GainsLossesOnExtinguishmentOfDebt_USD,Goodwill_USD,GoodwillForeignCurrencyTranslationGainLoss_USD,GoodwillImpairmentLoss_USD,GoodwillOtherIncreaseDecrease_USD,GoodwillPurchaseAccountingAdjustments_USD,GuaranteeObligationsMaximumExposure_USD,ImpairmentOfIntangibleAssetsIndefinitelivedExcludingGoodwill_USD,IncomeLossFromContinuingOperationsBeforeIncomeTaxesExtraordinaryItemsNoncontrollingInterest_USD,IncomeLossFromContinuingOperationsIncludingPortionAttributableToNoncontrollingInterest_USD,IncomeLossFromContinuingOperationsPerBasicShare_USD/shares,IncomeLossFromContinuingOperationsPerDilutedShare_USD/shares,IncomeLossFromDiscontinuedOperationsNetOfTax_USD,IncomeLossFromDiscontinuedOperationsNetOfTaxAttributableToNoncontrollingInterest_USD,IncomeLossFromEquityMethodInvestments_USD,IncomeTaxExpenseBenefit_USD,IncomeTaxesPaid_USD,IncreaseDecreaseInAccountsAndNotesReceivable_USD,IncreaseDecreaseInAccountsPayable_USD,IncreaseDecreaseInAccountsReceivable_USD,IncreaseDecreaseInDeferredRevenue_USD,IncreaseDecreaseInInventories_USD,IncreaseDecreaseInInventoriesAndOtherOperatingAssets_USD,IncreaseDecreaseInOperatingCapital_USD,IncreaseDecreaseInOtherAccountsPayableAndAccruedLiabilities_USD,IncreaseDecreaseInOtherOperatingCapitalNet_USD,IndefiniteLivedIntangibleAssetsExcludingGoodwill_USD,IntangibleAssetsGrossExcludingGoodwill_USD,IntangibleAssetsNetExcludingGoodwill_USD,InterestAndDebtExpense_USD,InterestIncomeOperating_USD,InterestPaidNet_USD,InventoryFinishedGoods_USD,InventoryGross_USD,InventoryLIFOReserve_USD,InventoryNet_USD,InventoryRawMaterials_USD,InventoryRawMaterialsAndSupplies_USD,InventoryWorkInProcess_USD,LeaseCost_USD,LesseeOperatingLeaseLiabilityPaymentsDue_USD,LesseeOperatingLeaseLiabilityPaymentsDueAfterYearFive_USD,LesseeOperatingLeaseLiabilityPaymentsDueNextTwelveMonths_USD,LesseeOperatingLeaseLiabilityPaymentsDueYearFive_USD,LesseeOperatingLeaseLiabilityPaymentsDueYearFour_USD,LesseeOperatingLeaseLiabilityPaymentsDueYearThree_USD,LesseeOperatingLeaseLiabilityPaymentsDueYearTwo_USD,LesseeOperatingLeaseLiabilityPaymentsRemainderOfFiscalYear_USD,LesseeOperatingLeaseLiabilityUndiscountedExcessAmount_USD,LettersOfCreditOutstandingAmount_USD,LiabilitiesAndStockholdersEquity_USD,LiabilitiesCurrent_USD,LiabilitiesNoncurrent_USD,LiabilitiesOfDisposalGroupIncludingDiscontinuedOperationCurrent_USD,LiabilitiesOfDisposalGroupIncludingDiscontinuedOperationNoncurrent_USD,LineOfCredit_USD,LineOfCreditFacilityMaximumBorrowingCapacity_USD,LineOfCreditFacilityRemainingBorrowingCapacity_USD,LongTermDebtAndCapitalLeaseObligations_USD,LongTermDebtCurrent_USD,MinorityInterest_USD,MinorityInterestDecreaseFromRedemptions_USD,MinorityInterestOwnershipPercentageByNoncontrollingOwners_pure,NetCashProvidedByUsedInFinancingActivities_USD,NetCashProvidedByUsedInInvestingActivities_USD,NetCashProvidedByUsedInOperatingActivities_USD,NetIncomeLoss_USD,NetIncomeLossAttributableToNoncontrollingInterest_USD,NetIncomeLossAvailableToCommonStockholdersBasic_USD,NetIncomeLossAvailableToCommonStockholdersDiluted_USD,NetIncomeLossFromDiscontinuedOperationsAvailableToCommonShareholdersBasic_USD,NetIncomeLossIncludingPortionAttributableToNonredeemableNoncontrollingInterest_USD,NonoperatingIncomeExpense_USD,NotesAndLoansReceivableNetCurrent_USD,OperatingLeaseCost_USD,OperatingLeaseLiability_USD,OperatingLeaseLiabilityCurrent_USD,OperatingLeaseLiabilityNoncurrent_USD,OperatingLeasePayments_USD,OperatingLeaseRightOfUseAsset_USD,OperatingLeasesFutureMinimumPaymentsDue_USD,OperatingLeasesFutureMinimumPaymentsDueCurrent_USD,OperatingLeasesFutureMinimumPaymentsDueInFiveYears_USD,OperatingLeasesFutureMinimumPaymentsDueInFourYears_USD,OperatingLeasesFutureMinimumPaymentsDueInThreeYears_USD,OperatingLeasesFutureMinimumPaymentsDueInTwoYears_USD,OperatingLeasesFutureMinimumPaymentsDueThereafter_USD,OperatingLeasesRentExpenseNet_USD,OperatingLeaseWeightedAverageDiscountRatePercent_pure,OtherAssetsCurrent_USD,OtherAssetsNoncurrent_USD,OtherComprehensiveIncomeLossDerivativesQualifyingAsHedgesNetOfTax_USD,OtherComprehensiveIncomeLossForeignCurrencyTransactionAndTranslationAdjustmentNetOfTax_USD,OtherComprehensiveIncomeLossNetOfTax_USD,OtherComprehensiveIncomeLossTax_USD,OtherComprehensiveIncomeUnrealizedGainLossOnDerivativesArisingDuringPeriodBeforeTax_USD,OtherCostAndExpenseOperating_USD,OtherInventorySupplies_USD,OtherLiabilitiesNoncurrent_USD,OtherNoncashIncomeExpense_USD,OtherReceivablesNetCurrent_USD,OtherTaxExpenseBenefit_USD,PaymentsForProceedsFromDerivativeInstrumentInvestingActivities_USD,PaymentsForProceedsFromOtherInvestingActivities_USD,PaymentsForRepurchaseOfCommonStock_USD,PaymentsOfDebtExtinguishmentCosts_USD,PaymentsOfDistributionsToAffiliates_USD,PaymentsOfDividends_USD,PaymentsToAcquireBusinessesNetOfCashAcquired_USD,PaymentsToAcquireEquityMethodInvestments_USD,PaymentsToAcquireMarketableSecurities_USD,PaymentsToAcquireProductiveAssets_USD,PaymentsToAcquirePropertyPlantAndEquipment_USD,PaymentsToMinorityShareholders_USD,PensionAndOtherPostretirementDefinedBenefitPlansLiabilitiesNoncurrent_USD,PensionContributions_USD,PensionExpenseReversalOfExpenseNoncash_USD,PercentageOfFIFOInventory_pure,PercentageOfWeightedAverageCostInventory_pure,ProceedsFromContributionsFromParent_USD,ProceedsFromDivestitureOfBusinessesAndInterestsInAffiliates_USD,ProceedsFromIssuanceOfLongTermDebt_USD,ProceedsFromPaymentsForOtherFinancingActivities_USD,ProceedsFromRepaymentsOfShortTermDebt_USD,ProceedsFromSaleAndMaturityOfMarketableSecurities_USD,ProceedsFromStockOptionsExercised_USD,ProfitLoss_USD,PropertyPlantAndEquipmentGross_USD,PropertyPlantAndEquipmentNet_USD,ProvisionForDoubtfulAccounts_USD,ReceivablesNetCurrent_USD,ReclassificationFromAccumulatedOtherComprehensiveIncomeCurrentPeriodNetOfTax_USD,RepaymentsOfLongTermDebt_USD,ResearchAndDevelopmentExpense_USD,RestrictedCash_USD,RestructuringSettlementAndImpairmentProvisions_USD,RetainedEarningsAccumulatedDeficit_USD,RevenueRemainingPerformanceObligation_USD,Revenues_USD,RoyaltyIncomeNonoperating_USD,SellingGeneralAndAdministrativeExpense_USD,ShareBasedCompensationArrangementByShareBasedPaymentAwardEquityInstrumentsOtherThanOptionsGrantsInPeriodWeightedAverageGrantDateFairValue_USD/shares,ShareBasedCompensationArrangementByShareBasedPaymentAwardPlanModificationIncrementalCompensationCost_USD,ShortTermDebtWeightedAverageInterestRate_pure,ShortTermInvestments_USD,ShortTermLeaseCost_USD,StockholdersEquity_USD,StockholdersEquityIncludingPortionAttributableToNoncontrollingInterest_USD,StockholdersEquityNoteSpinoffTransaction_USD,StockholdersEquityOther_USD,StockIssuedDuringPeriodSharesNewIssues_shares,StockIssuedDuringPeriodValueOther_USD,StockRepurchasedAndRetiredDuringPeriodShares_shares,StockRepurchaseProgramAuthorizedAmount1_USD,StockRepurchaseProgramNumberOfSharesAuthorizedToBeRepurchased_shares,SubleaseIncome_USD,TaxCutsAndJobsActOf2017IncompleteAccountingChangeInTaxRateProvisionalIncomeTaxExpenseBenefit_USD,TreasuryStockRetiredCostMethodAmount_USD,TreasuryStockValueAcquiredCostMethod_USD,UndistributedEarningsOfForeignSubsidiaries_USD,UnrealizedGainLossOnInvestments_USD,UnrecognizedTaxBenefits_USD,UnrecognizedTaxBenefitsDecreasesResultingFromPriorPeriodTaxPositions_USD,UnrecognizedTaxBenefitsDecreasesResultingFromSettlementsWithTaxingAuthorities_USD,UnrecognizedTaxBenefitsIncomeTaxPenaltiesAndInterestAccrued_USD,UnrecognizedTaxBenefitsIncomeTaxPenaltiesAndInterestExpense_USD,UnrecognizedTaxBenefitsIncreasesResultingFromCurrentPeriodTaxPositions_USD,UnrecognizedTaxBenefitsIncreasesResultingFromForeignCurrencyTranslation_USD,UnrecognizedTaxBenefitsIncreasesResultingFromPriorPeriodTaxPositions_USD,UnrecognizedTaxBenefitsReductionsResultingFromLapseOfApplicableStatuteOfLimitations_USD,UnrecognizedTaxBenefitsThatWouldImpactEffectiveTaxRate_USD,ValuationAllowanceDeferredTaxAssetChangeInAmount_USD,VariableLeaseCost_USD,WeightedAverageNumberOfDilutedSharesOutstanding_shares,WeightedAverageNumberOfSharesOutstandingBasic_shares,DeferredRevenueCurrent_USD,DeferredTaxAssetsOperatingLossCarryforwardsDomestic_USD,GoodwillImpairedAccumulatedImpairmentLoss_USD,PensionAndOtherPostretirementBenefitContributions_USD,PensionAndOtherPostretirementBenefitExpense_USD,AvailableForSaleSecuritiesDebtMaturitiesRollingYearTwoThroughFiveAmortizedCostBasis_USD,AvailableForSaleSecuritiesDebtMaturitiesWithinOneYearAmortizedCost_USD,AvailableForSaleSecuritiesDebtMaturitiesWithinOneYearFairValue_USD,LossContingencyNumberOfDefendants_lawsuits,AvailableForSaleSecuritiesDebtMaturitiesRollingYearSixThroughTenAmortizedCostBasis_USD,FiniteLivedIntangibleAssetsAmortizationExpenseNextTwelveMonths_USD,PaymentForContingentConsiderationLiabilityInvestingActivities_USD,AvailableForSaleSecuritiesDebtMaturitiesAfterOneThroughFiveYearsAmortizedCost_USD,EffectiveIncomeTaxRateContinuingOperations_pure,ForeignCurrencyTransactionGainLossAfterTax_USD,GoodwillAcquiredDuringPeriod_USD,NontradeReceivables_USD,ProceedsFromHedgeInvestingActivities_USD,SupplierFinanceProgramObligationCurrent_USD,GainLossOnSaleOfAccountsReceivable_USD,AccountsNotesAndLoansReceivableNetCurrent_USD,AntidilutiveSecuritiesExcludedFromComputationOfEarningsPerShareAmount_shares,DeferredIncomeTaxesAndTaxCredits_USD,DeferredOtherTaxExpenseBenefit_USD,GainLossOnSaleOfOtherAssets_USD,IncomeTaxExpenseBenefitContinuingOperationsAdjustmentOfDeferredTaxAssetLiability_USD,IncrementalCommonSharesAttributableToShareBasedPaymentArrangements_shares,NetIncomeLossFromContinuingOperationsAvailableToCommonShareholdersBasic_USD,NetIncomeLossFromContinuingOperationsAvailableToCommonShareholdersDiluted_USD,NetPeriodicDefinedBenefitsExpenseReversalOfExpenseExcludingServiceCostComponent_USD,OtherComprehensiveIncomeLossCashFlowHedgeGainLossAfterReclassificationAndTax_USD,OtherNonoperatingExpense_USD,ProceedsFromSalesOfBusinessAffiliateAndProductiveAssets_USD,RestructuringAndRelatedCostIncurredCost_USD,CashProvidedByUsedInOperatingActivitiesDiscontinuedOperations_USD,DerivativeNotionalAmount_USD,FinanceLeaseRightOfUseAsset_USD,FiniteLivedIntangibleAssetsAmortizationExpenseYearFive_USD,FiniteLivedIntangibleAssetsAmortizationExpenseYearFour_USD,FiniteLivedIntangibleAssetsAmortizationExpenseYearThree_USD,FiniteLivedIntangibleAssetsAmortizationExpenseYearTwo_USD,LitigationSettlementExpense_USD,NetCashProvidedByUsedInOperatingActivitiesContinuingOperations_USD,OperatingLeaseResidualValueOfLeasedAsset_USD,PensionAndOtherPostretirementBenefitsExpenseReversalOfExpenseNoncash_USD
2019-05-31,False,100,,4200000000,,,,384000000,137000000,4400000000,2111000000,-2576000000,79843000000,,18000000,,,,,320000000,101837000000,19244000000,,,,,,3796000000,4276000000.0,,-690000000,10000000.0,,0.3,1800000000,100.0,,0,12000000,4000000,16000000,36000000,,4235000000,3205000000,1530000000.0,1.0,,,,306000000,,5164000000,,460000000,,,,,,,,,,,,,,,,,,,,,,,,,678000000.0,58000000,-16000000,42000000,3000000,14000000,17000000,,,,,,,-2000000.0,,,,20000000,,,,1366000000,1000000.0,1000000.0,126000000.0,,,135000000.0,6000000.0,,9000000.0,27000000.0,27000000.0,30000000.0,36000000.0,9000000.0,20000000.0,35000000.0,0.0325,,-1953000000,16572000000,14619000000,-32000000,2000000,,,40638000000,,,,,239000000,,49000000,89000000,,,0,,13000000,-40000000,,,,,,,,2113000000.0,,,11105000000,27677000000,25724000000,56000000,23000000,,4390000000,6636000000,511000000.0,7147000000,523000000.0,,1338000000,91000000.0,778000000.0,129000000.0,,55000000.0,107000000.0,132000000.0,171000000.0,184000000.0,71000000.0,,101837000000,11942000000,20060000000,,,,,,6320000000,,235000000,,,1226000000,-514000000,-1422000000,85000000,4000000,,,,,157000000,,54000000.0,707000000.0,213000000.0,494000000.0,56000000.0,703000000.0,655000000.0,242000000.0,44000000.0,66000000.0,90000000.0,128000000.0,85000000.0,,0.0337,1515000000,2476000000,1000000.0,-68000000,-73000000,-10000000,8000000.0,,385000000.0,2052000000,-72000000,,,,5000000.0,,,317000000.0,2000000.0,,,16000000,625000000,,,6524000000,50000000.0,-70000000.0,,,,,1000000000,-22000000,815000000,32000000,35000000,89000000,,12083000000,,6768000000,-2000000.0,283000000.0,355000000,,55000000.0,-7906000000,,6288000000,,970000000,,,,18000000,5000000.0,69600000000,69835000000,,-3000000,,35000000.0,,4000000000.0,,-8000000.0,,,,,,,,,,,,,,,,,4000000.0,,,,,,,,,,,,,,,,,,,,,,,,,,,,,,,,,,,,,,,,,,,,,,,
2019-08-06,False,748893017,,3139000000,,,4811000000.0,357000000,282000000,3135000000,3207000000,-2375000000,28157000000,0.0,55000000,32000000.0,152000000.0,,,113000000,43998000000,14521000000,0.0,0.0,,,6000000.0,2077000000,2513000000.0,2513000000.0,-2511000000,2000000.0,0.13,0.01,1666666667,748815000.0,,7000000,-763000000,14000000,-749000000,19000000,48000000.0,3047000000,2058000000,1530000000.0,,6200000000.0,0.0,4400000000.0,325000000,,1430000000,,1895000000,,,,,,,,,,,,,,,,,,,0.0364,,,5800000000.0,,114000000.0,227000000.0,36000000,-33000000,3000000,21000000,27000000,48000000,,-1.44,-1.44,0.0,0.0,-97000000.0,,,-0.81,-0.81,-64000000,7000000.0,6000000.0,,64000000,0.0,1000000.0,24000000.0,18000000.0,,25000000.0,2000000.0,,1000000.0,1000000.0,2000000.0,10000000.0,9000000.0,1000000.0,8000000.0,-19000000.0,0.0326,,-968000000,4518000000,3550000000,-32000000,-55000000,,-13000000.0,10249000000,70000000.0,1102000000.0,14000000.0,,164000000,,753000000,483000000,0.63,0.63,-1077000000,1000000.0,-5000000,270000000,,,,,,,,-2758000000.0,,,8282000000,12800000000,11832000000,34000000,17000000,,2103000000,3918000000,,3918000000,228000000.0,,1373000000,29000000.0,655000000.0,177000000.0,,60000000.0,80000000.0,107000000.0,136000000.0,95000000.0,75000000.0,98000000.0,43998000000,8614000000,9241000000,0.0,0.0,,7300000000.0,6494000000.0,117000000,2000000.0,257000000,,,-685000000,-674000000,-1088000000,-608000000,14000000,-0.81,-0.81,-1078000000.0,13000000.0,0,1291000000.0,44000000.0,580000000.0,152000000.0,428000000.0,90000000.0,553000000.0,512000000.0,169000000.0,38000000.0,56000000.0,72000000.0,99000000.0,78000000.0,,0.0355,1086000000,2464000000,22000000.0,-102000000,-155000000,36000000,18000000.0,,214000000.0,2156000000,172000000,1332000000.0,21000000.0,,1000000.0,,79000000.0,317000000.0,,9000000.0,,13000000,834000000,,,5538000000,-92000000.0,-146000000.0,0.46,0.54,7308000000.0,21000000.0,1001000000,-42000000,173000000,37000000,39000000,-594000000,7750000000.0,4543000000,,7434000000,6000000.0,6803000000.0,269000000,319000000.0,60000000.0,97000000,104000000.0,5556000000,,937000000,,,,6000000,2000000.0,25886000000,26143000000,-55420000000.0,-32000000,,4000000.0,,4000000000.0,1000000000.0,,,,,,,,,,,,,,,,,,2000000.0,750000000.0,749400000.0,,,,,,,,,,,,,,,,,,,,,,,,,,,,,,,,,,,,,,,,,,,,,
2019-10-31,False,748400792,,3014000000,,,3969000000.0,349000000,126000000,2249000000,3186000000,-2667000000,28072000000,0.0,12000000,19000000.0,170000000.0,,,100000000,43235000000,14117000000,0.0,0.0,,,6000000.0,1980000000,,2400000000.0,-2624000000,4000000.0,0.13,0.01,1666666667,,748390000.0,7000000,-786000000,-11000000,-797000000,20000000,49000000.0,1349000000,3604000000,1530000000.0,,6200000000.0,0.0,4400000000.0,270000000,,1328000000,,2013000000,,,,,,,,,,,,,,,,,,,0.0364,,1100000000.0,5800000000.0,,126000000.0,226000000.0,74000000,-6000000,68000000,27000000,-7000000,20000000,,0.03,0.03,0.0,0.0,-97000000.0,,127000000.0,-0.66,-0.66,-118000000,,4000000.0,41000000.0,70000000,,1000000.0,10000000.0,4000000.0,,11000000.0,2000000.0,,1000000.0,2000000.0,2000000.0,3000000.0,1000000.0,1000000.0,8000000.0,0.0,0.0326,,-1043000000,4474000000,3431000000,-11000000,55000000,,0.0,10168000000,-11000000.0,0.0,14000000.0,,80000000,,-631000000,-527000000,-0.69,-0.69,22000000,0.0,-3000000,-104000000,,,,,,,,-3732000000.0,,,8236000000,12710000000,11667000000,19000000,13000000,,2295000000,4403000000,,4403000000,,417000000.0,1691000000,55000000.0,630000000.0,189000000.0,,57000000.0,81000000.0,108000000.0,147000000.0,48000000.0,74000000.0,100000000.0,43235000000,8993000000,8981000000,0.0,0.0,,7300000000.0,6142000000.0,116000000,4000000.0,246000000,,,761000000,-964000000,-2303000000,-494000000,-11000000,-0.66,-0.66,22000000.0,-11000000.0,59000000,1403000000.0,46000000.0,556000000.0,149000000.0,407000000.0,146000000.0,543000000.0,512000000.0,169000000.0,38000000.0,56000000.0,72000000.0,99000000.0,78000000.0,,0.0374,1043000000,2440000000,0.0,-297000000,-292000000,1000000,-2000000.0,,,2132000000,184000000,1202000000.0,,,2000000.0,25000000.0,79000000.0,317000000.0,97000000.0,9000000.0,10000000.0,133000000,1015000000,,,5405000000,-109000000.0,-208000000.0,0.49,0.51,7396000000.0,21000000.0,1001000000,-34000000,1729000000,42000000,43000000,-505000000,7689000000.0,4503000000,,6574000000,3000000.0,6803000000.0,289000000,319000000.0,46000000.0,-397000000,108000000.0,1911000000,,646000000,,,,117000000,7000000.0,25015000000,25261000000,-55496000000.0,-32000000,,4000000.0,,1000000000.0,,,,,-25000000.0,,,,,,,,,,,,,,2000000.0,749500000.0,749500000.0,,,,,,,,,,,,,,,,,,,,,,,,,,,,,,,,,,,,,,,,,,,,,
2020-02-14,True,749403000,22100000000.0,3702000000,,2577000000.0,4225000000.0,336000000,95000000,4434000000,3326000000,-3270000000,27997000000,0.0,103000000,,127000000.0,,,475000000,42397000000,13519000000,0.0,0.0,,485000000.0,,1764000000,2173000000.0,2173000000.0,-2851000000,1000000.0,0.26,0.01,1666667000,,748577000.0,7000000,-2083000000,18000000,-2065000000,20000000,49000000.0,1968000000,7000000,1530000000.0,,,0.0,,287000000,3146000000.0,920000000,,2146000000,2970000000.0,25000000.0,53000000.0,2513000000.0,531000000.0,279000000.0,230000000.0,1717000000.0,135000000.0,,-457000000.0,-633000000.0,40000000.0,2738000000.0,,369000000.0,39000000.0,21000000000.0,,0.0625,,5800000000.0,1.0,525000000.0,1599000000.0,25000000,-18000000,7000000,27000000,-16000000,43000000,-31000000.0,-0.9,-0.9,0.0,0.0,-194000000.0,,119000000.0,-1.28,-1.28,-88000000,4000000.0,,41000000.0,66000000,1000000.0,1000000.0,9000000.0,4000000.0,5000000.0,10000000.0,1000000.0,4000000.0,1000000.0,1000000.0,1000000.0,2000000.0,,1000000.0,9000000.0,10000000.0,0.0326,,-1207000000,10750000000,9543000000,-99000000,-62000000,24000000.0,-13000000.0,10229000000,60000000.0,0.0,-10000000.0,94000000.0,97000000,,-316000000,-42000000,-0.06,-0.06,-671000000,5000000.0,-9000000,-46000000,234000000.0,361000000.0,149000000.0,,,-74000000.0,202000000.0,,-1555000000.0,418000000.0,1881000000,12631000000,11424000000,136000000,59000000,263000000.0,2684000000,5032000000,,5032000000,,498000000.0,1850000000,201000000.0,648000000.0,167000000.0,154000000.0,47000000.0,67000000.0,93000000.0,120000000.0,,82000000.0,82000000.0,42397000000,8238000000,9604000000,0.0,0.0,3000000000.0,6000000000.0,6000000000.0,115000000,1000000.0,246000000,,,-2929000000,-904000000,1070000000,-21000000,18000000,-1.28,-1.28,-676000000.0,13000000.0,215000000,171000000.0,166000000.0,566000000.0,140000000.0,426000000.0,174000000.0,555000000.0,512000000.0,169000000.0,38000000.0,56000000.0,72000000.0,99000000.0,78000000.0,225000000.0,0.0396,1190000000,2326000000,28000000.0,-274000000,-1124000000,275000000,,195000000.0,,2192000000,-246000000,1132000000.0,,206000000.0,13000000.0,25000000.0,-79000000.0,-317000000.0,-194000000.0,10000000.0,10000000.0,138000000,1163000000,1163000000.0,,6377000000,121000000.0,-264000000.0,0.59,0.41,7396000000.0,21000000.0,1001000000,-33000000,-1868000000,160000000,47000000,-941000000,7872000000.0,4546000000,,5528000000,,6804000000.0,1147000000,319000000.0,55000000.0,-425000000,108000000.0,2983000000,60000000.0,3065000000,91.56,23000000.0,0.067,5000000,17000000.0,24309000000,24555000000,-55496000000.0,-47000000,586000.0,85000000.0,-824000.0,1000000000.0,,,34000000.0,0.0,-25000000.0,4614000000.0,,426000000.0,-167000000.0,-9000000.0,24000000.0,-4000000.0,54000000.0,0.0,77000000.0,0.0,188000000.0,,7000000.0,749500000.0,749500000.0,,,,,,,,,,,,,,,,,,,,,,,,,,,,,,,,,,,,,,,,,,,,,
2020-05-07,False,748370000,,3021000000,,,5367000000.0,359000000,143000000,4039000000,3406000000,-3933000000,27906000000,,2000000,,203000000.0,,-1000000.0,163000000,42978000000,14679000000,0.0,0.0,,,,1963000000,,2340000000.0,167000000,,0.13,0.01,1666667000,,748369000.0,7000000,-391000000,10000000,-381000000,20000000,49000000.0,2269000000,1996000000,,,,,,273000000,,911000000,,822000000,,,,,,,,,,,,,,,,,,,,,,,,,283000000.0,266000000,-110000000,156000000,5000000,103000000,108000000,,0.0,0.0,0.0,0.0,-97000000.0,,140000000.0,0.36,0.36,-117000000,,,,64000000,,,,2000000.0,,,,,,,,,,,,,,-30000000.0,-1365000000,10725000000,9360000000,-61000000,167000000,,,10027000000,,,,,90000000,,408000000,281000000,0.36,0.36,1000000,0.0,-1000000,127000000,,,,,,,,-2645000000.0,,,1881000000,12606000000,11241000000,10000000,18000000,,2721000000,4401000000,,4401000000,,420000000.0,1260000000,,,,,,,,,,,,42978000000,9199000000,9700000000,0.0,0.0,,,,614000000,1000000.0,254000000,,,2344000000,-130000000,-1930000000,272000000,10000000,0.36,0.36,1000000.0,10000000.0,1000000,412000000.0,,,,,,,,,,,,,,,,1530000000,2336000000,6000000.0,-672000000,-663000000,1000000,-6000000.0,,,1989000000,138000000,996000000.0,,,4000000.0,50000000.0,,0.0,97000000.0,,,67000000,128000000,,,6186000000,-28000000.0,-102000000.0,,,0.0,0.0,875000000,-16000000,1619000000,58000000,14000000,282000000,,4358000000,60000000.0,6775000000,7000000.0,1000000.0,280000000,,70000000.0,-155000000,106000000.0,3956000000,,757000000,,,0.02,10000000,,23825000000,24079000000,,36000000,,,,1000000000.0,,,,,-50000000.0,,,,,,,,,,,,,,,752500000.0,749900000.0,,,,,,,,,,,,,,,,,,,,,,,,,,,,,,,,,,,,,,,,,,,,,
2020-08-06,False,748569000,,2891000000,,,4396000000.0,350000000,369000000,2740000000,3565000000,-3845000000,27891000000,0.0,19000000,,207000000.0,-7000000.0,-6000000.0,176000000,42180000000,14422000000,,,,,,2809000000,,3171000000.0,998000000,,0.13,0.01,1666667000,,748485000.0,7000000,848000000,6000000,854000000,21000000,51000000.0,2829000000,1529000000,,,,12000000.0,,290000000,,752000000,,2271000000,,,,,,,,,,,,,,,,,,,0.0364,,,5800000000.0,,,300000000.0,120000000,-57000000,63000000,9000000,56000000,65000000,,0.0,0.0,,,-97000000.0,,114000000.0,1.01,1.01,-95000000,,,,62000000,,,,2000000.0,5000000.0,,,,,,,,,,,,,-78000000.0,-1541000000,10730000000,9189000000,1000000,4000000,,0.0,10069000000,,0.0,,,112000000,,844000000,766000000,1.01,1.01,0,0.0,-2000000,78000000,,,,,,,,-2587000000.0,,,1881000000,12611000000,11070000000,14000000,9000000,,1831000000,3589000000,,3589000000,,394000000.0,1364000000,,,,,,,,,,,,42180000000,7529000000,9850000000,,,,,,1102000000,1000000.0,240000000,-52000000.0,0.465,2214000000,-252000000,-869000000,760000000,6000000,1.01,1.01,0.0,6000000.0,89000000,1391000000.0,,,,,,,,,,,,,,,,1192000000,1974000000,-2000000.0,97000000,88000000,-2000000,-27000000.0,,,1957000000,185000000,985000000.0,,,5000000.0,50000000.0,0.0,0.0,194000000.0,0.0,,361000000,202000000,,60000000.0,6039000000,-39000000.0,-202000000.0,,,0.0,0.0,2434000000,-20000000,966000000,298000000,17000000,766000000,,4293000000,124000000.0,6772000000,22000000.0,879000000.0,273000000,319000000.0,179000000.0,508000000,110000000.0,5191000000,,965000000,,,0.01,60000000,,24561000000,24801000000,-55496000000.0,-5000000,,4000000.0,,1000000000.0,,,,,-50000000.0,,,,,,,,,,,,,,,751600000.0,749200000.0,,,,,,,,,,,,,,,,,,,,,,,,,,,,,,,,,,,,,,,,,,,,,
2020-11-05,False,745016000,,2994000000,,,3231000000.0,342000000,168000000,2430000000,3712000000,-3796000000,27895000000,0.0,15000000,,210000000.0,-12000000.0,-6000000.0,162000000,41690000000,14088000000,,,,,,2768000000,,3122000000.0,949000000,,0.13,0.01,1666667000,,747492000.0,7000000,-343000000,2000000,-341000000,21000000,52000000.0,1297000000,2142000000,,,,11000000.0,,289000000,,740000000,,2195000000,,,,,,,,,,,,,,,,,,,0.0364,,,5800000000.0,,,,126000000,-75000000,51000000,28000000,69000000,97000000,,0.0,0.0,,,-97000000.0,,92000000.0,-0.52,-0.52,-64000000,,,,62000000,,,,1000000.0,4000000.0,,,,,,,,,,,,,-99000000.0,-1702000000,10735000000,9033000000,-67000000,19000000,,0.0,10110000000,,0.0,,,96000000,54000000.0,-507000000,-390000000,-0.52,-0.52,0,0.0,0,-117000000,,,,,,,,-2818000000.0,,,1881000000,12616000000,10914000000,11000000,11000000,,2074000000,4374000000,,4374000000,,422000000.0,1878000000,,,,,,,,,,,,41690000000,7734000000,9610000000,,,,,,1102000000,1000000.0,240000000,-52000000.0,0.465,2695000000,-445000000,-1237000000,-392000000,2000000,-0.52,-0.52,0.0,2000000.0,30000000,1407000000.0,,,,,,,,,,,,,,,,1167000000,1954000000,-20000000.0,68000000,49000000,4000000,-2000000.0,,,1864000000,240000000,989000000.0,,,7000000.0,33000000.0,0.0,0.0,291000000.0,0.0,1000000.0,656000000,301000000,,60000000.0,5904000000,-53000000.0,-306000000.0,,,0.0,0.0,2434000000,-27000000,1582000000,498000000,19000000,-390000000,,4273000000,153000000.0,5627000000,-17000000.0,879000000.0,284000000,319000000.0,,0,114000000.0,1863000000,,597000000,,,0.009,152000000,,24106000000,24346000000,-55496000000.0,-1000000,,2000000.0,,1000000000.0,,,,,-33000000.0,,,,,,,,,,,,,,,749500000.0,749500000.0,,,,,,,,,,,,,,,,,,,,,,,,,,,,,,,,,,,,,,,,,,,,,
2021-02-11,True,744062000,20000000000.0,3615000000,1058000000.0,2557000000.0,3754000000.0,329000000,123000000,4807000000,3857000000,-2890000000,27707000000,0.0,59000000,,208000000.0,-11000000.0,-8000000.0,682000000,42649000000,14768000000,,,,,,3526000000,3873000000.0,3873000000.0,1700000000,,0.52,0.01,1666667000,,743458000.0,7000000,1061000000,20000000,1081000000,22000000,54000000.0,2112000000,3000000,1530000000.0,,,11000000.0,,464000000,2588000000.0,893000000,,2540000000,2612000000.0,127000000.0,56000000.0,2159000000.0,442000000.0,91000000.0,55000000.0,1415000000.0,238000000.0,2000000.0,-453000000.0,-429000000.0,,2418000000.0,0.0,170000000.0,0.0,21600000000.0,,,,5800000000.0,1.0,495000000.0,1599000000.0,55000000,-40000000,15000000,95000000,-40000000,135000000,-31000000.0,-0.07,-0.07,,,-388000000.0,,106000000.0,0.91,0.91,7000000,3000000.0,,41000000.0,66000000,0.0,0.0,5000000.0,,4000000.0,5000000.0,0.0,1000000.0,1000000.0,1000000.0,1000000.0,1000000.0,,0.0,1000000.0,2000000.0,0.0328,-101000000.0,-1862000000,12599000000,10737000000,-174000000,94000000,,0.0,10269000000,69000000.0,0.0,-29000000.0,,94000000,,675000000,99000000,0.13,0.13,-55000000,0.0,0,-81000000,229000000.0,-187000000.0,-118000000.0,,,-104000000.0,,,,-186000000.0,10000000,12609000000,10747000000,45000000,56000000,36000000.0,2584000000,4882000000,,4882000000,,485000000.0,1813000000,220000000.0,598000000.0,137000000.0,152000000.0,51000000.0,61000000.0,83000000.0,114000000.0,,69000000.0,175000000.0,42649000000,8548000000,9038000000,,,3000000000.0,6000000000.0,6000000000.0,1102000000,1000000.0,239000000,-52000000.0,0.465,303000000,-674000000,2064000000,41000000,20000000,0.91,0.91,-55000000.0,20000000.0,212000000,163000000.0,197000000.0,529000000.0,138000000.0,391000000.0,202000000.0,521000000.0,,,,,,,,225000000.0,0.0306,1165000000,1939000000,-69000000.0,-26000000,380000000,-133000000,,,,1867000000,-290000000,1009000000.0,,,7000000.0,275000000.0,0.0,0.0,-388000000.0,0.0,1000000.0,995000000,475000000,1163000000.0,-60000000.0,5176000000,62000000.0,-409000000.0,0.62,0.38,0.0,0.0,2439000000,-28000000,0,721000000,56000000,701000000,8253000000.0,4396000000,154000000.0,4926000000,,1441000000.0,1142000000,319000000.0,,0,115000000.0,3207000000,,3043000000,,,,269000000,14000000.0,24824000000,25063000000,-55496000000.0,27000000,3384000.0,56000000.0,-8503000.0,1000000000.0,,,,,-275000000.0,4130000000.0,-10000000.0,395000000.0,-14000000.0,-18000000.0,18000000.0,-2000000.0,6000000.0,-3000000.0,5000000.0,-7000000.0,156000000.0,19000000.0,7000000.0,751200000.0,748700000.0,,,,,,,,,,,,,,,,,,,,,,,,,,,,,,,,,,,,,,,,,,,,,
2021-05-05,False,737101000,,3098000000,,,5231000000.0,333000000,165000000,2239000000,3874000000,-3367000000,27630000000,,2000000,,203000000.0,,-1000000.0,183000000,42549000000,15036000000,,,65000000.0,,,2404000000,,2730000000.0,-1143000000,,0.13,0.01,1666667000,,738321000.0,7000000,123000000,3000000,126000000,22000000,53000000.0,2420000000,1250000000,,,,,,433000000,,902000000,2247000000.0,924000000,,,,,,,,,,,,,,,,,,,,,,,,,,90000000,-32000000,58000000,32000000,-30000000,62000000,,-0.01,-0.01,,,-97000000.0,,115000000.0,0.81,0.8,-50000000,,,,64000000,,,,1000000.0,,,,,,,,,,,,,,-30000000.0,-2025000000,12599000000,10574000000,-35000000,11000000,,,10146000000,,,,,108000000,54000000.0,791000000,613000000,0.82,0.81,-10000000,,3000000,178000000,,,-448000000.0,-2012000000.0,-401000000.0,467000000.0,,,,-262000000.0,10000000,12609000000,10584000000,7000000,21000000,,2508000000,4321000000,,4321000000,,427000000.0,1386000000,,,,,,,,,,,,42549000000,8999000000,8772000000,,,,,,1102000000,1000000.0,240000000,,,821000000,36000000,-1950000000,600000000,3000000,0.81,0.8,,3000000.0,337000000,533000000.0,,,,,,,,,,,,,,,,1405000000,1987000000,65000000.0,-403000000,-477000000,29000000,,,,1814000000,54000000,1028000000.0,,,1000000.0,350000000.0,,,97000000.0,,,40000000,137000000,,,4954000000,-84000000.0,-318000000.0,,,,,419000000,-17000000,828000000,194000000,38000000,603000000,,4299000000,-5000000.0,6792000000,-146000000.0,0.0,281000000,,,268000000,113000000.0,4178000000,,733000000,,,,114000000,,24538000000,24778000000,,-2000000,,38000000.0,,1000000000.0,,,,,-350000000.0,,10000000.0,,,,,,,,,,,,,749600000.0,743400000.0,,,,,,,,,,,,,,,,,,,,,,,,,,,,,,,,,,,,,,,,,,,,,
2021-08-06,False,734185000,,3070000000,,,4318000000.0,335000000,234000000,2523000000,4002000000,-3245000000,27682000000,,22000000,,216000000.0,11000000.0,-6000000.0,180000000,41496000000,14285000000,,,,,,2861000000,,3172000000.0,-701000000,,0.13,0.01,1666667000,,734421000.0,7000000,1092000000,3000000,1095000000,23000000,56000000.0,3010000000,677000000,,,,,,442000000,,935000000,748000000.0,2464000000,,,,,,,,,,,,,,,,,,,,,,,,,,37000000,-20000000,17000000,73000000,-20000000,93000000,,-0.06,-0.06,,,-95000000.0,,92000000.0,1.31,1.31,-14000000,,,,68000000,,,,1000000.0,,,,,,,,,,,,,,-51000000.0,-2205000000,12608000000,10403000000,-14000000,-75000000,,,10207000000,,,,,115000000,54000000.0,1302000000,1018000000,1.37,1.37,-45000000,,2000000,284000000,,,-525000000.0,-1957000000.0,-1931000000.0,1334000000.0,,,,532000000.0,10000000,12618000000,10413000000,7000000,18000000,,1680000000,3541000000,,3541000000,,455000000.0,1406000000,,,,,,,,,,,,41496000000,7252000000,8619000000,,,,,,1101000000,1000000.0,240000000,-52000000.0,0.465,-27000000,-17000000,-643000000,970000000,3000000,1.31,1.31,,3000000.0,298000000,1445000000.0,,,,,,,,,,,,,,,,1052000000,1740000000,31000000.0,243000000,122000000,38000000,,,,1816000000,143000000,1029000000.0,,,2000000.0,200000000.0,,,192000000.0,,-1000000.0,56000000,269000000,,0.0,4767000000,-149000000.0,-641000000.0,,,,,419000000,-24000000,254000000,285000000,66000000,973000000,8343000000.0,4341000000,48000000.0,6792000000,-157000000.0,0.0,293000000,,,941000000,118000000.0,5627000000,,998000000,,,,39000000,,25385000000,25625000000,,-3000000,,28000000.0,,1500000000.0,,,,,-200000000.0,,0.0,,,,,,,,,,,,,743300000.0,737300000.0,,,,,,,,,,,,,,,,,,,,,,,,,,,,,,,,,,,,,,,,,,,,,
2021-11-04,False,728909000,,3512000000,,,3336000000.0,454000000,95000000,2134000000,3960000000,-3645000000,27712000000,,25000000,,210000000.0,9000000.0,-18000000.0,180000000,41122000000,14146000000,,,,,,2779000000,,3140000000.0,-733000000,,0.14,0.01,1666667000,,730267000.0,7000000,-370000000,2000000,-368000000,24000000,60000000.0,1558000000,1372000000,,,,,,448000000,,930000000,692000000.0,2454000000,,,,,,,,,,,,,,,,,,,,,,,,,,57000000,-23000000,34000000,17000000,-23000000,40000000,,-0.01,-0.01,,,-103000000.0,,84000000.0,0.04,0.04,-78000000,,,,67000000,,,,1000000.0,,,,,,,,,,,,,,,-2385000000,12600000000,10215000000,2000000,39000000,,,10130000000,,,,,107000000,54000000.0,8000000,36000000,0.05,0.05,-4000000,,-1000000,-28000000,,,-41000000.0,-1116000000.0,-1945000000.0,375000000.0,,,,7000000.0,10000000,12610000000,10225000000,8000000,19000000,,1871000000,4417000000,,4417000000,,518000000.0,2028000000,,,,,,,,,,,,41122000000,7805000000,8338000000,,,,,,1101000000,1000000.0,239000000,-52000000.0,0.465,365000000,-201000000,-819000000,30000000,2000000,0.04,0.04,,2000000.0,378000000,1408000000.0,,,,,,,,,,,,,,,,1029000000,1796000000,11000000.0,-264000000,-400000000,36000000,,,,1724000000,117000000,1074000000.0,,,1000000.0,750000000.0,,,295000000.0,,-3000000.0,147000000,413000000,,0.0,4583000000,-202000000.0,-959000000.0,,,,,419000000,-28000000,949000000,310000000,71000000,32000000,8270000000.0,4310000000,-7000000.0,5818000000,-141000000.0,1000000.0,297000000,,,666000000,122000000.0,2371000000,,672000000,,,,103000000,,24740000000,24979000000,,-5000000,,5000000.0,,,,,,,-200000000.0,,0.0,,,,,,,,,,,,,739500000.0,733800000.0,,,,,,,,,,,,,,,,,,,,,,,,,,,,,,,,,,,,,,,,,,,,,
2022-02-10,True,727021000,20000000000.0,4126000000,1103000000.0,3023000000.0,3441000000.0,452000000,146000000,2068000000,4035000000,-2898000000,27751000000,,56000000,,210000000.0,,1000000.0,722000000,42344000000,15546000000,,,,,,4459000000,4836000000.0,4836000000.0,963000000,,0.54,0.01,1666667000,,726527000.0,7000000,1751000000,10000000,1761000000,24000000,58000000.0,9220000000,17000000,1530000000.0,,,10000000.0,,438000000,2611000000.0,1220000000,3201000000.0,2613000000,2195000000.0,153000000.0,36000000.0,1829000000.0,333000000.0,105000000.0,131000000.0,904000000.0,309000000.0,0.0,-366000000.0,-782000000.0,,2260000000.0,0.0,341000000.0,10000000.0,19700000000.0,,,,,1.0,521000000.0,1599000000.0,71000000,-20000000,51000000,6000000,-20000000,26000000,-31000000.0,-0.07,-0.07,,,-397000000.0,,104000000.0,2.39,2.37,-136000000,4000000.0,,,76000000,0.0,0.0,4000000.0,,3000000.0,4000000.0,0.0,1000000.0,0.0,1000000.0,1000000.0,1000000.0,,0.0,1000000.0,1000000.0,0.0329,,-2561000000,12595000000,10034000000,-54000000,-1000000,,0.0,10107000000,-160000000.0,,-2000000.0,,105000000,,2346000000,1822000000,2.46,2.44,-53000000,0.0,14000000,524000000,341000000.0,113000000.0,524000000.0,,574000000.0,422000000.0,,,,-93000000.0,10000000,12605000000,10044000000,30000000,77000000,30000000.0,2497000000,5180000000,,5180000000,,607000000.0,2076000000,181000000.0,512000000.0,106000000.0,132000000.0,49000000.0,60000000.0,71000000.0,94000000.0,,53000000.0,127000000.0,42344000000,9558000000,7163000000,,,3000000000.0,6000000000.0,6000000000.0,1100000000,1000000.0,239000000,-52000000.0,0.465,-1266000000,-362000000,2727000000,1759000000,10000000,2.39,2.37,-53000000.0,10000000.0,1348000000,120000000.0,158000000.0,459000000.0,121000000.0,338000000.0,169000000.0,458000000.0,,,,,,,,,0.0275,1010000000,1804000000,139000000.0,-573000000,-8000000,-172000000,,,,1719000000,-156000000,1250000000.0,,,1000000.0,950000000.0,0.0,0.0,-397000000.0,0.0,4000000.0,204000000,573000000,1163000000.0,0.0,3124000000,,,0.6,0.4,0.0,0.0,419000000,-30000000,13000000,345000000,100000000,1769000000,8364000000.0,4329000000,1000000.0,4811000000,,421000000.0,1187000000,,,524000000,123000000.0,15655000000,,3209000000,,,,86000000,14000000.0,25384000000,25623000000,-55496000000.0,-10000000,4019000.0,100000000.0,-20950000.0,1000000000.0,,,,,-950000000.0,3681000000.0,10000000.0,377000000.0,-7000000.0,-17000000.0,11000000.0,1000000.0,9000000.0,0.0,13000000.0,-16000000.0,157000000.0,19000000.0,8000000.0,741600000.0,735900000.0,3201000000.0,61000000.0,4503000000.0,247000000.0,-1292000000.0,,,,,,,,,,,,,,,,,,,,,,,,,,,,,,,,,,,,,,,,
2022-05-05,False,723700000,,3685000000,,,5603000000.0,459000000,180000000,2335000000,4150000000,-2821000000,27760000000,,-31000000,,232000000.0,17000000.0,,179000000,42633000000,15878000000,,,53000000.0,,,2031000000,,2385000000.0,-2451000000,,0.14,0.01,1666667000,,725320000.0,7000000,641000000,3000000,644000000,24000000,58000000.0,2724000000,1018000000,,,,9000000.0,,471000000,,1203000000,2435000000.0,1339000000,,,,,,,,,,,,,,,,,,,,,,,,,,45000000,-28000000,17000000,169000000,-28000000,197000000,,-0.01,-0.01,,,-102000000.0,,124000000.0,0.78,0.78,-31000000,,,,91000000,,,,1000000.0,3000000.0,,,,,,,,,,,,,,-2739000000,12594000000,9855000000,-47000000,-96000000,,,10109000000,,,,,105000000,54000000.0,698000000,577000000,0.79,0.79,-10000000,,10000000,121000000,,,-406000000.0,-2372000000.0,-782000000.0,234000000.0,,,,-227000000.0,10000000,12604000000,9865000000,9000000,15000000,,2691000000,4986000000,,4986000000,,660000000.0,1635000000,,,,,,,,,,,,42633000000,9653000000,7044000000,,,,,,1154000000,0.0,240000000,,,714000000,-404000000,-2730000000,564000000,3000000,0.78,0.78,,3000000.0,17000000,426000000.0,,,,,,,,,,,,,,,,1296000000,1886000000,-25000000.0,91000000,77000000,0,,,,1704000000,104000000,1246000000.0,,,0.0,235000000.0,,,102000000.0,,-6000000.0,234000000,179000000,,,2983000000,-55000000.0,-71000000.0,,,,,311000000,-44000000,744000000,10000000,40000000,567000000,8483000000.0,4333000000,5000000.0,7275000000,-12000000.0,,268000000,,,750000000,120000000.0,4601000000,,735000000,,,,290000000,,25696000000,25936000000,,-3000000,,40000000.0,,,,,,,-235000000.0,,0.0,,,,,,,,,,,,,730900000.0,727000000.0,,,,,,53000000.0,60000000.0,60000000.0,,,,,,,,,,,,,,,,,,,,,,,,,,,,,,,,,,,,,
2022-08-05,False,718600000,,3567000000,,,4457000000.0,482000000,383000000,2454000000,4232000000,-3223000000,27795000000,,12000000,,233000000.0,11000000.0,,179000000,40906000000,14764000000,,,0.0,,,2401000000,,2770000000.0,-2066000000,,0.14,0.01,1666667000,,719320000.0,7000000,567000000,3000000,570000000,24000000,61000000.0,3323000000,712000000,,,,8000000.0,,449000000,,1165000000,740000000.0,2992000000,,,,,,,,,,,,,,,,,,,,,,,,,,93000000,-38000000,55000000,23000000,-38000000,61000000,,-0.04,-0.04,,,-101000000.0,,131000000.0,1.34,1.33,-116000000,,,,93000000,,,,1000000.0,2000000.0,,,,,,,,,,,,,,-2906000000,12569000000,9663000000,-36000000,123000000,,,9987000000,,,,,94000000,54000000.0,1327000000,1002000000,1.38,1.37,-30000000,,4000000,325000000,,,-488000000.0,-2331000000.0,-2450000000.0,905000000.0,,,,679000000.0,10000000,12579000000,9673000000,16000000,24000000,,1722000000,4184000000,,4184000000,,669000000.0,1793000000,,,,,,,,,,,,40906000000,7856000000,6979000000,,,,5500000000.0,5500000000.0,1283000000,0.0,240000000,,,106000000,-435000000,-1621000000,969000000,3000000,1.34,1.33,,3000000.0,49000000,1305000000.0,,,,,,,,,,,,,,,,978000000,1640000000,17000000.0,-426000000,-402000000,-2000000,,,,1693000000,99000000,1185000000.0,,,-20000000.0,600000000.0,,,203000000.0,,-6000000.0,236000000,318000000,,,2838000000,-113000000.0,-138000000.0,,,,,772000000,-46000000,325000000,93000000,62000000,972000000,8532000000.0,4300000000,12000000.0,6947000000,-64000000.0,204000000.0,296000000,,,1252000000,126000000.0,6252000000,,1017000000,,,,254000000,,25831000000,26071000000,,-3000000,,22000000.0,,,,,,,-365000000.0,,0.0,,,,,,,,,,,,,726700000.0,723000000.0,,,,,,0.0,65000000.0,65000000.0,30.0,,,,,,,,,,,,,,,,,,,,,,,,,,,,,,,,,,,,
2022-11-04,False,714492000,,4140000000,,,3642000000.0,483000000,227000000,2115000000,4259000000,-3592000000,27815000000,,15000000,,213000000.0,-1000000.0,,178000000,40651000000,15045000000,,,24000000.0,,,2199000000,,2619000000.0,-2217000000,,0.15,0.01,1666667000,,716225000.0,7000000,-700000000,3000000,-697000000,25000000,62000000.0,1879000000,1576000000,,,,8000000.0,,407000000,,1123000000,860000000.0,3049000000,,,,,,,,,,,,,,,,,,,,,,,,,,216000000,-58000000,158000000,7000000,-58000000,65000000,,-0.01,-0.01,,,-108000000.0,,132000000.0,-0.46,-0.46,-295000000,,,,91000000,,,,1000000.0,2000000.0,,,,,,,,,,,,,,-3065000000,12516000000,9451000000,-13000000,43000000,,,9791000000,,,,,79000000,54000000.0,-396000000,-322000000,-0.45,-0.45,-6000000,,-1000000,-74000000,,,202000000.0,-1814000000.0,-2311000000.0,-466000000.0,,,,100000000.0,10000000,12526000000,9461000000,18000000,36000000,,2082000000,5415000000,,5415000000,,776000000.0,2557000000,,,,,,,,,,,,40651000000,8918000000,6649000000,,,,5500000000.0,5500000000.0,1277000000,0.0,240000000,,,663000000,-439000000,-2146000000,-331000000,3000000,-0.46,-0.46,,3000000.0,23000000,1233000000.0,,,,,,,,,,,,,,,,1039000000,1671000000,50000000.0,-533000000,-369000000,-43000000,,,,1621000000,181000000,1398000000.0,,,-24000000.0,800000000.0,,,311000000.0,,-9000000.0,314000000,460000000,,,2628000000,-147000000.0,-155000000.0,,,,,1335000000,-49000000,777000000,274000000,66000000,-328000000,8444000000.0,4185000000,4000000.0,6273000000,48000000.0,355000000.0,312000000,,,614000000,129000000.0,2777000000,,657000000,,,,119000000,,24844000000,25084000000,,-1000000,,4000000.0,,,,,,,-200000000.0,,0.0,,,,,,,,,,,,,718700000.0,718700000.0,,,,,,,86000000.0,86000000.0,30.0,24000000.0,,,,,,,,,,,,,,,,,,,,,,,,,,,,,,,,,,,
2023-02-09,True,712823000,38900000000.0,4895000000,1030000000.0,3717000000.0,4168000000.0,512000000,183000000,2254000000,4297000000,-2806000000,27851000000,,10000000,,194000000.0,,-3000000.0,702000000,42618000000,16795000000,,,,,,3191000000,3618000000.0,3618000000.0,-1218000000,,0.58,0.01,1666667000,,713419000.0,7000000,1239000000,11000000,1250000000,26000000,64000000.0,10436000000,24000000,,,,7000000.0,,479000000,2582000000.0,1119000000,3388000000.0,3150000000,2284000000.0,198000000.0,40000000.0,1942000000.0,285000000.0,40000000.0,78000000.0,680000000.0,545000000.0,0.0,-342000000.0,-640000000.0,,2106000000.0,0.0,447000000.0,29000000.0,14000000000.0,,,,,1.0,521000000.0,1223000000.0,96000000,-40000000,56000000,30000000,-40000000,70000000,,-0.08,-0.08,,,-418000000.0,,148000000.0,1.59,1.58,-278000000,5000000.0,,,102000000,,,3000000.0,,2000000.0,3000000.0,0.0,1000000.0,0.0,0.0,1000000.0,1000000.0,,0.0,1000000.0,1000000.0,0.0329,,-2763000000,12092000000,9329000000,-229000000,24000000,,,9962000000,-135000000.0,,-10000000.0,,88000000,,1426000000,1216000000,1.67,1.66,-58000000,,20000000,210000000,467000000.0,997000000.0,807000000.0,,194000000.0,1715000000.0,,,,-162000000.0,10000000,12102000000,9339000000,79000000,124000000,75000000.0,3260000000,6811000000,,6811000000,,862000000.0,2689000000,179000000.0,504000000.0,98000000.0,130000000.0,37000000.0,65000000.0,79000000.0,95000000.0,,54000000.0,143000000.0,42618000000,10744000000,6333000000,,,,5500000000.0,5500000000.0,1283000000,0.0,239000000,-52000000.0,0.465,-1180000000,-632000000,872000000,1147000000,10000000,1.59,1.58,-58000000.0,11000000.0,-60000000,93000000.0,152000000.0,450000000.0,119000000.0,331000000.0,155000000.0,460000000.0,,,,,,,,,0.0314,968000000,1687000000,8000000.0,-340000000,92000000,-121000000,,,,1676000000,-305000000,1440000000.0,,,3000000.0,1000000000.0,,,-418000000.0,,12000000.0,344000000,605000000,,0.0,2255000000,,,0.55,0.45,,,1358000000,-55000000,-13000000,295000000,88000000,1158000000,8551000000.0,4254000000,-13000000.0,5701000000,,1140000000.0,1216000000,,,250000000,131000000.0,17455000000,,3173000000,,,,124000000,18000000.0,25302000000,25541000000,,-12000000,4317000.0,88000000.0,-17425000.0,,,,,,-1000000000.0,3810000000.0,0.0,357000000.0,-3000000.0,-24000000.0,13000000.0,1000000.0,11000000.0,-3000000.0,4000000.0,-5000000.0,139000000.0,,8000000.0,724500000.0,720800000.0,3388000000.0,,4503000000.0,182000000.0,-142000000.0,,,,,,497000000.0,-36000000.0,,,,,,,,,,,,,,,,,,,,,,,,,,,,,,,,,
2023-05-04,False,710873000,,3957000000,,,6883000000.0,519000000,298000000,2477000000,4362000000,-2739000000,27844000000,,-14000000,,207000000.0,3000000.0,,160000000,45500000000,18329000000,,,,,,1646000000,,2068000000.0,-1550000000,,0.15,0.01,1666667000,,710678000.0,7000000,662000000,4000000,666000000,26000000,63000000.0,2771000000,3787000000,,,,7000000.0,,508000000,,1255000000,2712000000.0,1201000000,,,,,,,,,,,,,,,,,,,,,,,,,,43000000,35000000,8000000,67000000,35000000,102000000,,-0.01,-0.01,,,107000000.0,,,0.84,0.83,-2000000,,,,87000000,,,,1000000.0,3000000.0,,,,,,,,,,,,,,2922000000,13045000000,10123000000,-36000000,2000000,,,10508000000,27000000.0,,,,79000000,,776000000,607000000,0.85,0.84,-8000000,,3000000,169000000,,,-908000000.0,-2708000000.0,-685000000.0,324000000.0,,,,-203000000.0,14000000,13059000000,10137000000,31000000,40000000,,3650000000,6585000000,,6585000000,,912000000.0,2023000000,,,,,,,,,,,,45500000000,13231000000,6430000000,,,,6000000000.0,5000000000.0,1241000000,49000000.0,240000000,,,3274000000,-1511000000,-3311000000,595000000,4000000,0.84,0.83,,4000000.0,-71000000,451000000.0,,,,,,,,,,,,,,,,1335000000,1660000000,-67000000.0,134000000,67000000,27000000,,,,1692000000,48000000,1344000000.0,,,,252000000.0,,,107000000.0,-1463000000.0,0.0,0,151000000,,,2242000000,50000000.0,36000000.0,,,,,626000000,-28000000,3084000000,40000000,7000000,599000000,8633000000.0,4271000000,10000000.0,8678000000,-19000000.0,56000000.0,316000000,422000000.0,,487000000,126000000.0,4884000000,,726000000,,,,85000000,,25599000000,25839000000,,-2000000,,7000000.0,,,,,,,252000000.0,,,,,,,,,,,,,,,716200000.0,712900000.0,,,,,,,83000000.0,,,,,,27000000.0,0.218,-25000000.0,519000000.0,137000000.0,42000000.0,165000000.0,,,,,,,,,,,,,,,,,,,,,,,,,,
2023-08-04,False,709764000,,3379000000,,,5248000000.0,508000000,396000000,2892000000,4491000000,-2677000000,27877000000,,13000000,,206000000.0,8000000.0,,174000000,44189000000,17207000000,,,,,,2563000000,,2963000000.0,-655000000,,0.15,0.01,1666667000,,709516000.0,7000000,776000000,3000000,779000000,27000000,66000000.0,3137000000,3023000000,,,,18000000.0,,524000000,,1134000000,656000000.0,3201000000,,,,,,,,,,,,,,,,,,,,,,,,,,40000000,35000000,5000000,180000000,35000000,215000000,,-0.23,-0.23,,,107000000.0,,,1.0,1.0,9000000,,,,83000000,,,,1000000.0,2000000.0,,,,,,,,,,,,,,3099000000,13068000000,9969000000,-104000000,-66000000,,,10539000000,64000000.0,,,,73000000,,-1084000000,880000000,1.23,1.23,-163000000,,3000000,204000000,,,-1558000000.0,-1899000000.0,-2758000000.0,1320000000.0,,,,394000000.0,16000000,13084000000,9985000000,82000000,54000000,,2640000000,5628000000,,5628000000,,861000000.0,2127000000,,,,,,,,,,,,44189000000,10346000000,7382000000,,,,6000000000.0,6000000000.0,2290000000,195000000.0,241000000,,,3379000000,-1544000000,-2499000000,714000000,3000000,1.0,1.0,,3000000.0,-134000000,1327000000.0,,,,,,,,,,,,,,,,1008000000,1545000000,-85000000.0,148000000,62000000,36000000,,,,1722000000,192000000,1380000000.0,,,2000000.0,332000000.0,,,213000000.0,-1463000000.0,4000000.0,7000000,250000000,,,2236000000,91000000.0,71000000.0,,,,,3427000000,-42000000,885000000,106000000,26000000,717000000,8797000000.0,4306000000,4000000.0,7955000000,-37000000.0,372000000.0,329000000,400000000.0,,1013000000,131000000.0,6045000000,,1045000000,,,,53000000,,26220000000,26461000000,,-1000000,,19000000.0,,,,,,,81000000.0,,,,,,,,,,,,,,,713700000.0,710800000.0,,,,,,,44000000.0,,,,,,,0.188,-91000000.0,513000000.0,139000000.0,42000000.0,115000000.0,11000000.0,,,,,,,,,,,,,,,,,,,,,,,,,
2023-11-09,False,704729000,,3678000000,,,4013000000.0,508000000,236000000,2273000000,4572000000,-3001000000,27895000000,,15000000,,201000000.0,-3000000.0,,174000000,43110000000,16333000000,,,,,,2254000000,,2776000000.0,-842000000,,0.16,0.01,1666667000,,704880000.0,7000000,-645000000,3000000,-642000000,27000000,67000000.0,1646000000,3609000000,,,,17000000.0,,554000000,,1070000000,552000000.0,3287000000,,,,,,,,,,,,,,,,,,,,,,,,,,53000000,39000000,14000000,61000000,39000000,100000000,,0.0,0.0,,,113000000.0,,,-0.45,-0.45,-68000000,,,,106000000,,,,1000000.0,1000000.0,,,,,,,,,,,,,,3265000000,13044000000,9779000000,-102000000,-9000000,12000000.0,,10441000000,-17000000.0,,,,73000000,,-444000000,-315000000,-0.45,-0.45,-3000000,,-2000000,-129000000,,,-1215000000.0,782000000.0,-2840000000.0,-492000000.0,,,,255000000.0,16000000,13060000000,9795000000,58000000,59000000,,2786000000,6320000000,,6320000000,,844000000.0,2690000000,,,,,,,,,,,,43110000000,10348000000,7295000000,,,,5500000000.0,5500000000.0,2290000000,188000000.0,241000000,,,3603000000,-1773000000,-2604000000,-321000000,3000000,-321000000.0,-321000000.0,,3000000.0,-149000000,1307000000.0,,,,,,,,,,,,,,,,1070000000,1561000000,,-323000000,-324000000,-2000000,,,,1707000000,-342000000,1261000000.0,,,2000000.0,585000000.0,,,327000000.0,1456000000.0,31000000.0,83000000,412000000,,,2228000000,123000000.0,105000000.0,,,,,3427000000,-45000000,2419000000,127000000,28000000,-318000000,8892000000.0,4320000000,10000000.0,6581000000,10000000.0,1314000000.0,335000000,522000000.0,,325000000,135000000.0,2590000000,,670000000,,,,108000000,,25226000000,25467000000,,-4000000,,2000000.0,,,,,,,252000000.0,,,,,,,,,,,,,,,708400000.0,708400000.0,,,,,,,85000000.0,,,,,,,0.291,-87000000.0,496000000.0,137000000.0,42000000.0,115000000.0,4000000.0,5320000000.0,2200000.0,-308000000.0,55000000.0,10000000.0,11000000.0,0.0,-318000000.0,-318000000.0,-30000000.0,-2000000.0,84000000.0,42000000.0,2000000.0,,,,,,,,,,,
2024-02-08,True,701783000,40.6,4280000000,1170000000.0,2952000000.0,4210000000.0,501000000,174000000,2351000000,4669000000,-2677000000,27748000000,,26000000,,205000000.0,,0.0,683000000,42996000000,16260000000,,,,,,2644000000,3158000000.0,3158000000.0,-460000000,,0.58,0.01,1666667000,,701260000.0,7000000,864000000,11000000,876000000,27000000,67000000.0,9920000000,198000000,,,,16000000.0,,584000000,2544000000.0,899000000,3406000000.0,3342000000,2739000000.0,193000000.0,39000000.0,2229000000.0,406000000.0,55000000.0,133000000.0,703000000.0,603000000.0,0.0,510000000.0,315000000.0,,2153000000.0,0.0,353000000.0,38000000.0,13400000000.0,,,,,1.0,528000000.0,1211000000.0,88000000,-33000000,55000000,42000000,33000000,75000000,,-0.27,-0.27,,,439000000.0,,,1.04,1.03,-143000000,6000000.0,,,115000000,,,2000000.0,1000000.0,1000000.0,2000000.0,0.0,1000000.0,0.0,0.0,0.0,1000000.0,,0.0,1000000.0,1000000.0,0.0329,,3452000000,13073000000,9621000000,-397000000,-115000000,,,10605000000,131000000.0,,-10000000.0,,84000000,,1093000000,941000000,1.31,1.3,-194000000,,10000000,152000000,535000000.0,-358000000.0,-663000000.0,,-11000000.0,-57000000.0,,,,527000000.0,5000000,13078000000,9626000000,233000000,283000000,234000000.0,3273000000,6899000000,,6899000000,,851000000.0,2775000000,204000000.0,530000000.0,99000000.0,139000000.0,43000000.0,54000000.0,87000000.0,108000000.0,,44000000.0,143000000.0,42996000000,10409000000,7308000000,,,,5500000000.0,5500000000.0,2291000000,196000000.0,242000000,,,-99000000,-1987000000,1769000000,735000000,12000000,735000000.0,,-194000000.0,12000000.0,-448000000,119000000.0,169000000.0,486000000.0,131000000.0,355000000.0,169000000.0,412000000.0,,,,,,,,,0.0298,1131000000,1519000000,,425000000,129000000,101000000,,,,1651000000,-578000000,1159000000.0,,,2000000.0,756000000.0,,,439000000.0,1456000000.0,32000000.0,148000000,595000000,,,2467000000,,,0.6,0.4,,,3429000000,-49000000,-6000000,147000000,31000000,747000000,8956000000.0,4287000000,11000000.0,5488000000,,2309000000.0,1337000000,514000000.0,,-41000000,134000000.0,17226000000,,3176000000,,,,98000000,23000000.0,25037000000,25279000000,,-9000000,1965000.0,40000000.0,14124000.0,,,,,,756000000.0,4240000000.0,0.0,390000000.0,0.0,4000000.0,11000000.0,1000000.0,16000000.0,0.0,23000000.0,2000000.0,173000000.0,,11000000.0,711900000.0,709000000.0,3406000000.0,,4503000000.0,149000000.0,,,85000000.0,,,,683000000.0,0.0,55000000.0,,-335000000.0,512000000.0,,42000000.0,115000000.0,,4329000000.0,,,,,,,929000000.0,,,-135000000.0,,,336000000.0,-40000000.0,1600000000.0,1000000.0,554000000.0,576000000.0,636000000.0,646000000.0,204000000.0,1809000000.0,207000000.0,138000000.0
