filing_date,annual,EntityCommonStockSharesOutstanding_shares,EntityPublicFloat_USD,AcceleratedShareRepurchasesSettlementPaymentOrReceipt_USD,AccountsPayableCurrent_USD,AccountsReceivableNetCurrent_USD,AccruedIncomeTaxesCurrent_USD,AccruedLiabilitiesCurrent_USD,AccumulatedDepreciationDepletionAndAmortizationPropertyPlantAndEquipment_USD,AdditionalPaidInCapitalCommonStock_USD,AdjustmentsToAdditionalPaidInCapitalOther_USD,AdjustmentsToAdditionalPaidInCapitalStockSplit_USD,AdvertisingExpense_USD,AllocatedShareBasedCompensationExpense_USD,AllowanceForDoubtfulAccountsReceivableCurrent_USD,AmortizationOfIntangibleAssets_USD,Assets_USD,AssetsCurrent_USD,AssetsFairValueDisclosure_USD,CapitalLeasedAssetsGross_USD,CapitalLeaseObligations_USD,CapitalLeasesBalanceSheetAssetsByMajorClassNet_USD,CapitalLeasesFutureMinimumPaymentsDue_USD,CapitalLeasesFutureMinimumPaymentsDueCurrent_USD,CapitalLeasesFutureMinimumPaymentsDueInTwoYears_USD,CapitalLeasesFutureMinimumPaymentsInterestIncludedInPayments_USD,CapitalLeasesFutureMinimumPaymentsPresentValueOfNetMinimumPayments_USD,CapitalLeasesLesseeBalanceSheetAssetsByMajorClassAccumulatedDeprecation_USD,CashAndCashEquivalentsAtCarryingValue_USD,CashAndCashEquivalentsPeriodIncreaseDecrease_USD,CashCashEquivalentsRestrictedCashAndRestrictedCashEquivalents_USD,CashCashEquivalentsRestrictedCashAndRestrictedCashEquivalentsPeriodIncreaseDecreaseIncludingExchangeRateEffect_USD,CashPaidForCapitalizedInterest_USD,CashSurrenderValueOfLifeInsurance_USD,CommitmentsAndContingencies_USD,CommonStockDividendsPerShareDeclared_USD/shares,CommonStockParOrStatedValuePerShare_USD/shares,CommonStockSharesAuthorized_shares,CommonStockSharesOutstanding_shares,CommonStockValueOutstanding_USD,CostOfServicesDirectMaterials_USD,CostOfServicesDirectTaxesAndLicensesCosts_USD,CostsAndExpenses_USD,CurrentFederalStateAndLocalTaxExpenseBenefit_USD,CurrentFederalTaxExpenseBenefit_USD,CurrentIncomeTaxExpenseBenefit_USD,CurrentStateAndLocalTaxExpenseBenefit_USD,DebtAndCapitalLeaseObligations_USD,DebtInstrumentBasisSpreadOnVariableRate_pure,DebtInstrumentBasisSpreadOnVariableRate1_pure,DebtInstrumentCollateralAmount_USD,DebtInstrumentFairValue_USD,DebtInstrumentInterestRateEffectivePercentage_pure,DebtInstrumentInterestRateStatedPercentageRateRangeMaximum_pure,DebtInstrumentInterestRateStatedPercentageRateRangeMinimum_pure,DebtInstrumentPeriodicPaymentPrincipal_USD,DeferredCompensationLiabilityClassifiedNoncurrent_USD,DeferredCompensationLiabilityCurrentAndNoncurrent_USD,DeferredFederalIncomeTaxExpenseBenefit_USD,DeferredFederalStateAndLocalTaxExpenseBenefit_USD,DeferredIncomeTaxExpenseBenefit_USD,DeferredIncomeTaxLiabilities_USD,DeferredIncomeTaxLiabilitiesNet_USD,DeferredStateAndLocalIncomeTaxExpenseBenefit_USD,DeferredTaxAssetsGross_USD,DeferredTaxAssetsLiabilitiesNet_USD,DeferredTaxAssetsLiabilitiesNetCurrent_USD,DeferredTaxAssetsLiabilitiesNetNoncurrent_USD,DeferredTaxAssetsNet_USD,DeferredTaxAssetsNetCurrent_USD,DeferredTaxAssetsOther_USD,DeferredTaxAssetsTaxCreditCarryforwards_USD,DeferredTaxAssetsTaxDeferredExpenseCompensationAndBenefits_USD,DeferredTaxAssetsTaxDeferredExpenseCompensationAndBenefitsCompensatedAbsences_USD,DeferredTaxAssetsTaxDeferredExpenseReservesAndAccrualsAllowanceForDoubtfulAccounts_USD,DeferredTaxAssetsTaxDeferredExpenseReservesAndAccrualsSelfInsurance_USD,DeferredTaxAssetsValuationAllowance_USD,DeferredTaxLiabilities_USD,DeferredTaxLiabilitiesCurrent_USD,DeferredTaxLiabilitiesNoncurrent_USD,DeferredTaxLiabilitiesOther_USD,DeferredTaxLiabilitiesPropertyPlantAndEquipment_USD,DeferredTaxLiabilitiesTaxDeferredIncome_USD,DefinedBenefitPlanContributionsByEmployer_USD,Depreciation_USD,DepreciationAndAmortization_USD,DirectCommunicationsAndUtilitiesCosts_USD,DirectTaxesAndLicensesCosts_USD,Dividends_USD,DividendsCommonStock_USD,EarningsPerShareBasic_USD/shares,EarningsPerShareBasicAndDiluted_USD/shares,EarningsPerShareDiluted_USD/shares,EffectiveIncomeTaxRateContinuingOperations_pure,EffectiveIncomeTaxRateReconciliationAtFederalStatutoryIncomeTaxRate_pure,EmployeeRelatedLiabilitiesCurrent_USD,EmployeeServiceShareBasedCompensationNonvestedAwardsTotalCompensationCostNotYetRecognized_USD,EmployeeServiceShareBasedCompensationNonvestedAwardsTotalCompensationCostNotYetRecognizedShareBasedAwardsOtherThanOptions_USD,EmployeeServiceShareBasedCompensationTaxBenefitFromCompensationExpense_USD,FiniteLivedIntangibleAssetsAccumulatedAmortization_USD,FiniteLivedIntangibleAssetsAmortizationExpense_USD,FiniteLivedIntangibleAssetsAmortizationExpenseNextTwelveMonths_USD,FiniteLivedIntangibleAssetsAmortizationExpenseYearFive_USD,FiniteLivedIntangibleAssetsAmortizationExpenseYearFour_USD,FiniteLivedIntangibleAssetsAmortizationExpenseYearThree_USD,FiniteLivedIntangibleAssetsAmortizationExpenseYearTwo_USD,FiniteLivedIntangibleAssetsGross_USD,FutureAmortizationExpenseYearFive_USD,FutureAmortizationExpenseYearFour_USD,FutureAmortizationExpenseYearOne_USD,FutureAmortizationExpenseYearThree_USD,FutureAmortizationExpenseYearTwo_USD,GainLossOnSaleOfPropertyPlantEquipment_USD,Goodwill_USD,IncomeLossFromContinuingOperationsBeforeIncomeTaxesMinorityInterestAndIncomeLossFromEquityMethodInvestments_USD,IncomeTaxExpenseBenefit_USD,IncomeTaxesPaid_USD,IncomeTaxReconciliationChangeInEnactedTaxRate_USD,IncomeTaxReconciliationIncomeTaxExpenseBenefitAtFederalStatutoryIncomeTaxRate_USD,IncomeTaxReconciliationNondeductibleExpenseMealsAndEntertainment_USD,IncomeTaxReconciliationOtherReconcilingItems_USD,IncomeTaxReconciliationStateAndLocalIncomeTaxes_USD,IncomeTaxReconciliationTaxCredits_USD,IncreaseDecreaseInAccountsAndOtherReceivables_USD,IncreaseDecreaseInAccountsPayable_USD,IncreaseDecreaseInAccruedIncomeTaxesPayable_USD,IncreaseDecreaseInInsuranceLiabilities_USD,IncreaseDecreaseInOperatingCapital_USD,IncreaseDecreaseInOtherAccruedLiabilities_USD,IncreaseDecreaseInPrepaidDeferredExpenseAndOtherAssets_USD,IncrementalCommonSharesAttributableToShareBasedPaymentArrangements_shares,InterestAndDebtExpense_USD,InterestPaid_USD,InterestPaidCapitalized_USD,InterestPaidNet_USD,InvestmentIncomeNet_USD,LaborAndRelatedExpense_USD,LeaseAndRentalExpense_USD,LeaseholdImprovementsGross_USD,LesseeOperatingLeaseLiabilityPaymentsDue_USD,LesseeOperatingLeaseLiabilityPaymentsDueAfterYearFive_USD,LesseeOperatingLeaseLiabilityPaymentsDueNextTwelveMonths_USD,LesseeOperatingLeaseLiabilityPaymentsDueYearFive_USD,LesseeOperatingLeaseLiabilityPaymentsDueYearFour_USD,LesseeOperatingLeaseLiabilityPaymentsDueYearThree_USD,LesseeOperatingLeaseLiabilityPaymentsDueYearTwo_USD,LesseeOperatingLeaseLiabilityPaymentsRemainderOfFiscalYear_USD,LesseeOperatingLeaseLiabilityUndiscountedExcessAmount_USD,LettersOfCreditOutstandingAmount_USD,Liabilities_USD,LiabilitiesAndStockholdersEquity_USD,LiabilitiesCurrent_USD,LiabilitiesNoncurrent_USD,LifeSettlementContractsFairValueMethodFaceValue_USD,LineOfCredit_USD,LineOfCreditFacilityAmountOutstanding_USD,LineOfCreditFacilityCommitmentFeePercentage_pure,LineOfCreditFacilityCurrentBorrowingCapacity_USD,LineOfCreditFacilityInterestRateAtPeriodEnd_pure,LineOfCreditFacilityInterestRateDuringPeriod_pure,LineOfCreditFacilityMaximumBorrowingCapacity_USD,LineOfCreditFacilityUnusedCapacityCommitmentFeePercentage_pure,LongTermDebt_USD,LongTermDebtAndCapitalLeaseObligations_USD,LongTermDebtAndCapitalLeaseObligationsCurrent_USD,LongTermDebtCurrent_USD,LongTermDebtFairValue_USD,LongTermDebtMaturitiesRepaymentsOfPrincipalAfterYearFive_USD,LongTermDebtMaturitiesRepaymentsOfPrincipalInNextTwelveMonths_USD,LongTermDebtMaturitiesRepaymentsOfPrincipalInYearFive_USD,LongTermDebtMaturitiesRepaymentsOfPrincipalInYearFour_USD,LongTermDebtMaturitiesRepaymentsOfPrincipalInYearThree_USD,LongTermDebtMaturitiesRepaymentsOfPrincipalInYearTwo_USD,LongTermDebtPercentageBearingFixedInterestRate_pure,MachineryAndEquipmentGross_USD,NetCashProvidedByUsedInFinancingActivities_USD,NetCashProvidedByUsedInInvestingActivities_USD,NetCashProvidedByUsedInOperatingActivities_USD,NetIncomeLoss_USD,NoncashOrPartNoncashAcquisitionFixedAssetsAcquired1_USD,NoncashOrPartNoncashAcquisitionOtherAssetsAcquired1_USD,NoncashOrPartNoncashDivestitureAmountOfConsiderationReceived_USD,NonoperatingIncomeExpense_USD,NumberOfOperatingSegments_Segment,OperatingCostsAndExpenses_USD,OperatingIncomeLoss_USD,OperatingInsuranceAndClaimsCostsProduction_USD,OperatingLeaseExpense_USD,OperatingLeaseLiability_USD,OperatingLeaseLiabilityCurrent_USD,OperatingLeaseLiabilityNoncurrent_USD,OperatingLeasePayments_USD,OperatingLeaseRightOfUseAsset_USD,OperatingLeasesFutureMinimumPaymentsDue_USD,OperatingLeasesFutureMinimumPaymentsDueCurrent_USD,OperatingLeasesFutureMinimumPaymentsDueInFiveYears_USD,OperatingLeasesFutureMinimumPaymentsDueInFourYears_USD,OperatingLeasesFutureMinimumPaymentsDueInThreeYears_USD,OperatingLeasesFutureMinimumPaymentsDueInTwoYears_USD,OperatingLeasesFutureMinimumPaymentsDueThereafter_USD,OperatingLeasesRentExpenseMinimumRentals_USD,OperatingLeaseWeightedAverageDiscountRatePercent_pure,OtherAssetsNoncurrent_USD,OtherCostAndExpenseOperating_USD,OtherLiabilitiesNoncurrent_USD,OtherNoncashIncome_USD,OtherNonoperatingIncomeExpense_USD,OtherReceivablesNetCurrent_USD,OtherTaxExpenseBenefit_USD,PaymentsForProceedsFromOtherInvestingActivities_USD,PaymentsForRepurchaseOfCommonStock_USD,PaymentsOfDividends_USD,PaymentsOfDividendsCommonStock_USD,PaymentsToAcquireBusinessesNetOfCashAcquired_USD,PaymentsToAcquireProductiveAssets_USD,PaymentsToAcquireShortTermInvestments_USD,PrepaidExpenseAndOtherAssetsCurrent_USD,PrepaidExpenseCurrent_USD,ProceedsFromIssuanceOfCommonStock_USD,ProceedsFromIssuanceOfLongTermDebt_USD,ProceedsFromLifeInsurancePolicies_USD,ProceedsFromMaturitiesPrepaymentsAndCallsOfShorttermInvestments_USD,ProceedsFromPaymentsForOtherFinancingActivities_USD,ProceedsFromRepaymentsOfLinesOfCredit_USD,ProceedsFromSaleOfPropertyPlantAndEquipment_USD,ProceedsFromSaleOfShortTermInvestments_USD,ProfitLoss_USD,PropertyPlantAndEquipmentGross_USD,PropertyPlantAndEquipmentNet_USD,PropertyPlantAndEquipmentOther_USD,RelatedPartyTransactionExpensesFromTransactionsWithRelatedParty_USD,RelatedPartyTransactionRevenuesFromTransactionsWithRelatedParty_USD,RepaymentsOfLongTermDebt_USD,RestrictedStockValueSharesIssuedNetOfTaxWithholdings_USD,RetainedEarningsAccumulatedDeficit_USD,RevenueFromContractWithCustomerIncludingAssessedTax_USD,RevenueFromRelatedParties_USD,RightOfUseAssetObtainedInExchangeForOperatingLeaseLiability_USD,SaleOfStockPricePerShare_USD/shares,SalesRevenueServicesNet_USD,SelfInsuranceReserve_USD,SelfInsuranceReserveCurrent_USD,SelfInsuranceReserveNoncurrent_USD,SeniorLongTermNotes_USD,SeniorNotes_USD,ShareBasedCompensation_USD,ShareBasedCompensationArrangementByShareBasedPaymentAwardCompensationCost_USD,ShareBasedCompensationArrangementByShareBasedPaymentAwardEquityInstrumentsOtherThanOptionsForfeitedInPeriod_shares,ShareBasedCompensationArrangementByShareBasedPaymentAwardEquityInstrumentsOtherThanOptionsForfeituresWeightedAverageGrantDateFairValue_USD/shares,ShareBasedCompensationArrangementByShareBasedPaymentAwardEquityInstrumentsOtherThanOptionsGrantsInPeriod_shares,ShareBasedCompensationArrangementByShareBasedPaymentAwardEquityInstrumentsOtherThanOptionsGrantsInPeriodWeightedAverageGrantDateFairValue_USD/shares,ShareBasedCompensationArrangementByShareBasedPaymentAwardEquityInstrumentsOtherThanOptionsNonvestedNumber_shares,ShareBasedCompensationArrangementByShareBasedPaymentAwardEquityInstrumentsOtherThanOptionsNonvestedWeightedAverageGrantDateFairValue_USD/shares,ShareBasedCompensationArrangementByShareBasedPaymentAwardEquityInstrumentsOtherThanOptionsTotalShareBasedLiabilitiesPaid_USD,ShareBasedCompensationArrangementByShareBasedPaymentAwardEquityInstrumentsOtherThanOptionsVestedInPeriod_shares,ShareBasedCompensationArrangementByShareBasedPaymentAwardEquityInstrumentsOtherThanOptionsVestedInPeriodTotalFairValue_USD,ShareBasedCompensationArrangementByShareBasedPaymentAwardEquityInstrumentsOtherThanOptionsVestedInPeriodWeightedAverageGrantDateFairValue_USD/shares,ShareBasedCompensationArrangementByShareBasedPaymentAwardNonOptionEquityInstrumentsOutstandingNumber_shares,ShareBasedCompensationArrangementByShareBasedPaymentAwardNumberOfSharesAuthorized_shares,ShareBasedCompensationArrangementByShareBasedPaymentAwardOptionsOutstandingNumber_shares,ShareBasedCompensationArrangementByShareBasedPaymentAwardPlanModificationIncrementalCompensationCost_USD,ShippingHandlingAndTransportationCosts_USD,ShortTermInvestments_USD,StockholdersEquity_USD,StockholdersEquityNoteStockSplitConversionRatio_pure,StockholdersEquityNoteStockSplitConversionRatio1_pure,StockIssuedDuringPeriodSharesOther_shares,StockIssuedDuringPeriodValueNewIssues_USD,StockIssuedDuringPeriodValueOther_USD,StockIssuedDuringPeriodValueRestrictedStockAwardNetOfForfeitures_USD,StockIssuedDuringPeriodValueShareBasedCompensation_USD,StockRepurchasedAndRetiredDuringPeriodShares_shares,StockRepurchasedAndRetiredDuringPeriodValue_USD,StockRepurchaseProgramAuthorizedAmount1_USD,StockRepurchaseProgramRemainingAuthorizedRepurchaseAmount1_USD,TimeSharingTransactionsAllowanceForUncollectibleAccounts_USD,TreasuryStockSharesAcquired_shares,UnsecuredDebt_USD,ValuationAllowancesAndReservesBalance_USD,ValuationAllowancesAndReservesChargedToCostAndExpense_USD,ValuationAllowancesAndReservesDeductions_USD,WeightedAverageNumberOfDilutedSharesOutstanding_shares,WeightedAverageNumberOfSharesOutstandingBasic_shares,IncomeLossFromContinuingOperationsBeforeIncomeTaxesExtraordinaryItemsNoncontrollingInterest_USD,IncomeTaxesReceivable_USD,OtherOperatingActivitiesCashFlowStatement_USD,NotesPayable_USD
2010-08-06,False,37284675,,,30639000,162703000,4810000.0,,545886000,90893000,,,,,10010000,,1202881000,206832000,,,,,,,,,,,4783000,612000.0,,,,,,,0.1,70000000,37284675,3728000,59594000.0,13708000.0,328239000,,,,,,,,,,,,,,,,,,-4078000.0,,,,,,,,,18175000.0,,,,,,,,,,78575000.0,,,,,,19553000,3668000,,,,0.58,,0.58,,,61932000,,,,,,,,,,,,,,,,,-127000,19463000.0,35854000.0,14341000,,,,,,,,,,,,,,,,3181000,,,,53000,196260000,4174000.0,4237000,,,,,,,,,,,580667000,1202881000,179662000,401005000,,,,,,,,,,,252142000,36281000,,,,,,,,,,684589000,-17109000,-51459000,69180000,21513000.0,,,1191000.0,-4157000,,,40011000,6209000,,,,,,,,,,,,,,,,34046000,,70288000,,-1029000,,,,,,,,45625000,,,18179000.0,,,,,,,616000,0.0,,1488426000,942540000,,,,36347000.0,,527593000,,,,,368250000.0,,,,,,,,,,,,,,,,,,,,,,12575000.0,,622214000,,,,,,,,,,,,,,,,,,37284675,37284675,,,,
2010-11-08,False,55926945,,,31166000,176595000,1603000.0,,563190000,89026000,,,,,10239000,,1219081000,221063000,,,,,,,,,,,5057000,886000.0,,,,,,,0.1,70000000,55926945,5593000,62746000.0,14360000.0,352597000,,,,,,,,,,,,,,,,,,458000.0,,,,,,,,,18212000.0,,,,,,,,,,83148000.0,,,,,,19396000,3820000,,,,0.44,,0.44,,,68314000,,,,,,,,,,,,,,,,,-258000,19463000.0,40635000.0,16254000,,,,,,,,,,,,,,,,2964000,,,,37000,213380000,3719000.0,4288000,,,,,,,,,,,572488000,1219081000,248768000,323720000,,,,,,,,,,,167979000,97359000,,,,,,,,,,683067000,-40918000,-68361000,110165000,24381000.0,,,,-2749000,,,43384000,7204000,,,,,,,,,,,,,,,,31240000,,72593000,,178000,,,,,,,,69148000,,,19143000.0,,,,,,,787000,0.0,,1510505000,947315000,,,,36548000.0,,551974000,,,,,395981000.0,,,,,,,,,,,,,,,,,,,,,,15026000.0,,646593000,,,,,,,,,,,,,,,,,,55926984,55926984,,,,
2011-02-28,True,55926945,930329743.0,,29221000,172989000,,,580303000,89026000,,,,,8475000,,1239881000,222582000,,,,,,,,,,,5450000,1279000.0,,,682000.0,,,,0.1,70000000,55926945,5593000,244291000.0,55420000.0,1343259000,,,,,,,,,,,,,,,,,,7624000.0,,,,,,,,,18666000.0,,,,,,,,,,90768000.0,,,,,,80362000,15218000,,,,1.35,,1.35,,,51355000,,,,,,,,,,,,,,,,,-758000,19463000.0,124426000.0,48775000,44893000.0,,,,,,,36169000.0,-4247000.0,-3613000.0,,,7163000.0,12760000.0,,12613000,13561000.0,,,148000,808819000,15244000.0,4421000,,,,,,,,,,,571232000,1239881000,170046000,401186000,,,,,,,,,,,234087000,37130000,,,,,,,,,,701648000,-35500000,-104297000,141076000,75651000.0,,,,-13313000,,,137739000,25329000,,,,,,,,,,,,,,,,33620000,,76331000,,-848000,,,,,,,0.0,106347000,0.0,,17766000.0,,,,,,,2050000,0.0,,1544519000,964216000,,,,36681000.0,,574030000,,,,,1480998000.0,,,,,,,,,,,,,,,,,,,,,,50489000.0,,668649000,,,,,,,,,,,,,,,,,,55926988,55926988,,,,
2011-05-09,False,57443324,,,48929000,196694000,15421000.0,,589923000,137275000,,,,,9433000,,1383902000,330337000,,,,,,,,,,,88143000,82693000.0,,,,,,,0.1,70000000,57443324,5744000,82633000.0,15529000.0,384758000,,,,,,,,,,,,,,,,,,-4646000.0,,,,,,,,,21627000.0,,,,,,,,,,89083000.0,,,,,,21121000,4550000,,,,0.38,,0.38,,,71121000,,,,,,,,,,,,,,,,,-517000,19463000.0,35482000.0,13909000,,,,,,,,,,,,,,,,3876000,,,,19000,221498000,3387000.0,4455000,,,,,,,,,,,645280000,1383902000,227038000,418242000,,,,,,,,,,,252143000,36773000,,,,,,,,,,729271000,66099000,-57213000,73807000,21573000.0,,,,-2439000,,,37921000,7192000,,,,,,,,,,,,,,,,33528000,,77016000,,1418000,,,,,,,,58450000,,,21966000.0,48400000.0,95000000.0,,,,,1237000,,,1590497000,1000574000,,,,11071000.0,,595603000,,,,,422679000.0,,,,,,,,,,,,,,,,,,,,,,14290000.0,,738622000,,,,,,,,,,,,,,,,,,56255970,56255970,,,,
2011-08-09,False,57443324,,,41157000,212535000,,,592790000,137275000,,,,,8903000,,1409504000,296136000,,,2385000.0,,,,,,,,28664000,23214000.0,,,,27200000.0,,,0.1,70000000,57443324,5744000,90697000.0,15890000.0,415610000,,,,,265242000.0,,,,266300000.0,0.0513,5.85,4.0,35700000.0,,,,,15125000.0,,,,,,,,,23262000.0,,,,,,,,,,110490000.0,,,,,,22013000,4433000,,,,0.69,,0.69,,,76934000,,,,,,,,,,,,,,,,,-783000,19463000.0,60833000.0,21450000,,,,,,,,,,,,,,,,3464000,,,,14000,239376000,3500000.0,4535000,,,,,,,,,,,631499000,1409504000,212383000,419116000,,,0.0,,225000000.0,0.005,0.0063,300000000.0,,,227143000,38099000,,,,,,,,,,758953000,42425000,-138391000,119180000,39383000.0,,,,-3812000,,,64645000,7529000,,,,,,,,,,,,,,,,34203000,,81483000,,-362000,,,,,,,,142445000,,,21312000.0,48400000.0,96514000.0,,,,,4054000,,,1652492000,1059702000,,,,36259000.0,,634986000,,,,,480255000.0,,,,95000000.0,262857000.0,,,,,,,,,,,,,,,,,16778000.0,,778005000,,,,,,,,,,,,,,262900000.0,,,,57443324,57443324,,,,
2011-11-08,False,57443324,,,50707000,222525000,,,602044000,137275000,,,,,8993000,,1473198000,318589000,,,1617000.0,,,,,,,,42262000,36812000.0,,,,25300000.0,0.0,,0.1,70000000,57443324,5744000,91421000.0,16128000.0,426281000,,,,,264474000.0,0.01,,,271000000.0,0.0513,0.0585,0.04,35700000.0,,,,,33679000.0,,,,,,,,,21833000.0,,,,,,,,,,127614000.0,,,,,,23396000,4518000,,,,0.67,,0.67,,,70505000,,,,,,,,,,,,,,,,,-900000,19463000.0,63122000.0,24491000,,,,,,,,,,,,,,,,3397000,,,,3000,247157000,3412000.0,5919000,,,,,,,,,,,656562000,1473198000,220117000,436445000,,,0.0,,,0.005,0.0113,300000000.0,,,227143000,37331000,,,,,,,,,,782272000,41153000,-204690000,200349000,38631000.0,,,,-5072000,,,68194000,8154000,,,,,,,,,,,,,,,,31926000,,81688000,,-1678000,13162000.0,,,,,,,209900000,,,18807000.0,48400000.0,96010000.0,,,,,5210000,,,1705264000,1103220000,,,,37027000.0,,673617000,,,,,494475000.0,,37563000.0,,95000000.0,262857000.0,,,,,,,,,,,,,,,,,16628000.0,,816636000,,,0.0,,,,,,,,,,,262900000.0,,,,57443324,57443324,,,,
2012-02-29,True,57443324,1567488262.0,,42096000,213481000,,,621982000,137275000,,,8300000.0,,9173000,,1513074000,331852000,,12232000.0,6328000.0,9167000.0,6458000.0,3728000.0,2730000.0,130000.0,6328000.0,3065000.0,75850000,70400000.0,,,,27600000.0,0.0,,0.1,70000000,57443324,5744000,355186000.0,63284000.0,1648469000,,27470000.0,37266000.0,9796000.0,269185000.0,0.01,,,270300000.0,0.0517,0.0585,0.04,35700000.0,24600000.0,,39934000.0,,43348000.0,,,3414000.0,71067000.0,-115450000.0,19466000.0,-134916000.0,,19466000.0,11036000.0,,14441000.0,9339000.0,2827000.0,33424000.0,,186517000.0,,134916000.0,1748000.0,174353000.0,6995000.0,13900000.0,89900000.0,90820000,18104000,,,,2.44,0.69,2.44,,,66740000,,,,4700000.0,900000.0,,,,,,8100000.0,315000.0,495000.0,908000.0,695000.0,712000.0,-1263000,19463000.0,220084000.0,80614000,34579000.0,,77029000.0,721000.0,-163000.0,7480000.0,4453000.0,40414000.0,12875000.0,3224000.0,6696000.0,,5978000.0,3506000.0,,14067000,14011000.0,895000.0,,180000,956079000,13689000.0,5773000,,,,,,,,,,,656555000,1513074000,204810000,451745000,8700000.0,,0.0,0.002,,0.005,0.0113,300000000.0,,269185000.0,229831000,39354000,,,95000000.0,39354000.0,25000000.0,35714000.0,35714000.0,38403000.0,,789984000,37798000,-244778000,277380000,39883000.0,,,,-13988000,,,63312000,27693000,,,,,,,73312000.0,16256000.0,5126000.0,6193000.0,9439000.0,12682000.0,23616000.0,19500000.0,,34809000,,86998000,,-101000,4441000.0,,,,,,,250214000,,,18614000.0,48400000.0,96010000.0,,,,,5436000,0.0,,1748932000,1126950000,,278000.0,18000.0,40382000.0,,713500000,,,,32.69,485132000.0,86000000.0,35934000.0,50100000.0,95000000.0,262857000.0,,,,,,,,,,134584.0,,,,,,,63257000.0,,856519000,,,0.0,48400000.0,49575000.0,,,,,,,,,262900000.0,7277000.0,3200000.0,2723000.0,57146486,57146486,,,,
2012-05-08,False,57443324,,,54677000,228398000,,,630350000,137275000,,,,,9114000,,1574192000,327900000,,,6060000.0,,,,,,,,54219000,-21631000.0,,,,30200000.0,0.0,,0.1,70000000,57443324,5744000,94216000.0,16356000.0,442922000,,,,,258203000.0,0.01,,,263100000.0,0.0514,0.0585,0.04,35700000.0,,,,,-13743000.0,,,,,,,,,19650000.0,,,,,,,,,,121357000.0,,,,,,25544000,4854000,,,,0.54,,0.54,,,69614000,,,,,,,,,,,,,,,,,474000,19463000.0,51397000.0,20302000,,,,,,,,,,,,,,,,3219000,,,,52000,257989000,3268000.0,5827000,,,,,,,,,,,686578000,1574192000,251268000,435310000,,,,,,0.005,0.0113,,,,219117000,39086000,,,,,,,,,,833599000,-11193000,-88765000,78327000,31095000.0,,,,-2821000,,,54218000,7683000,,,,,,,,,,,,,,,,36692000,,94836000,,346000,2252000.0,,,,,,,89393000,,,23381000.0,0.0,6000.0,,,,,628000,,,1820487000,1190137000,,,,11199000.0,,744595000,,,,,497140000.0,,38040000.0,,,252143000.0,,,,,,,,,,,,,,,,,16231000.0,,887614000,,,,,,,,,,,,,,,,,,57443324,57443324,,,,
2012-08-09,False,57443324,,,62540000,241433000,,,646279000,137275000,,,,,9433000,,1639644000,301158000,,,6770000.0,,,,,,,,11015000,-64835000.0,,,,,0.0,,0.1,140000000,57443324,5744000,93691000.0,17145000.0,458917000,,,,,267943000.0,0.01,,,,0.0507,0.0585,0.04,35700000.0,,,,,-2338000.0,,,,,,,,,20768000.0,,,,,,,,,,133880000.0,,,,,,26524000,4699000,,,,0.83,,0.83,,,75364000,,,,,,,,,,,,,,,,,844000,19463000.0,79061000.0,31229000,,,,,,,,,,,,,,,,2685000,,,,33000,268502000,3457000.0,5918000,,,,,,,,,,,704198000,1639644000,244454000,459744000,,,34030000.0,,,0.005,0.01,,,,228147000,39796000,,280500000.0,,,,,,,,894399000,-2336000,-206921000,144422000,47832000.0,,,,-3527000,,,82588000,7652000,,,,,,,,,,,,,,,,36514000,,97717000,,-875000,2573000.0,,,,,,,210019000,,,25369000.0,0.0,412000.0,,,,,3098000,,,1928788000,1282509000,,,,36778000.0,,792427000,,,,,541505000.0,,39804000.0,,,227143000.0,,,,,,,,,,,,,,,,,18645000.0,,935446000,,,,,,,,,,,,,,,,,,57443324,57443324,,,,
2012-11-06,False,86164917,,,56930000,248254000,,,652023000,134401000,,,,,9536000,,1714622000,305739000,,,6288000.0,,,,,,,,6902000,-68948000.0,,,,,,,0.1,140000000,86164917,8616000,94732000.0,17182000.0,463561000,,,,,282811000.0,0.01,,,,0.0507,0.0585,0.04,35700000.0,,,,,11875000.0,,,,,,,,,19518000.0,,,,,,,,,,146843000.0,,,,,,28727000,5003000,,,,0.59,,0.59,,,78350000,,,,,,,,,,,,,,,,,789000,19463000.0,78361000.0,27317000,,,,,,,,,,,,,,,,2882000,,,,22000,270907000,3393000.0,5994000,,,,,,,,,,,728134000,1714622000,237628000,490506000,,,49380000.0,,,0.005,0.0113,,,,243497000,39314000,,294100000.0,,,,,,,,936909000,12530000,-304216000,222738000,51044000.0,,,,-2571000,,,80932000,8336000,,,,,,,,,,,,,,,,38062000,,100166000,,289000,5570000.0,,,,,,,309661000,,,25495000.0,0.0,412000.0,,,,,5445000,,,2003381000,1351358000,,,,37260000.0,,843471000,,,,,544493000.0,,40659000.0,,,227143000.0,,,,,,,,,,,,,,,,,18234000.0,,986488000,1.5,,,,,,,,,,,,,,,,,86164968,86164968,,,,
2013-02-28,True,86164917,1819732509.0,,44891000,219039000,,,648919000,134401000,-2000.0,,11000000.0,,8561000,,1712514000,275028000,,9910000.0,3264000.0,7640000.0,3308000.0,3308000.0,,44000.0,3264000.0,2270000.0,12857000,-62993000.0,,,,,,,0.1,140000000,86164917,8616000,378534000.0,67526000.0,1825229000,,74074000.0,85964000.0,11890000.0,240407000.0,0.01,,,,,,,,30000000.0,,14978000.0,,17682000.0,,,2704000.0,75225000.0,-133132000.0,20054000.0,-153186000.0,74666000.0,20054000.0,9764000.0,3800000.0,17734000.0,12399000.0,2829000.0,32499000.0,559000.0,207798000.0,6327000.0,153186000.0,1752000.0,197875000.0,8171000.0,16900000.0,109800000.0,110743000,19980000,,,,1.97,0.46,1.97,,,80047000,3700000.0,,,5700000.0,900000.0,,,,,,8100000.0,210000.0,315000.0,712000.0,495000.0,695000.0,78000,19463000.0,273098000.0,103646000,74932000.0,,95584000.0,828000.0,-368000.0,10211000.0,2609000.0,-5410000.0,2795000.0,9264000.0,7458000.0,,10391000.0,-7956000.0,,11541000,13728000.0,1963000.0,,113000,1066551000,13514000.0,6128000,,,,,,,,,,,686545000,1712514000,225139000,461406000,8900000.0,,10000000.0,,,,,300000000.0,,240407000.0,201429000,38978000,,247900000.0,95000000.0,38978000.0,0.0,35000000.0,35714000.0,35715000.0,,922030000,-29874000,-361175000,328056000,39481000.0,,,,-12156000,,,67516000,29681000,,,,,,,65010000.0,15823000.0,4801000.0,5707000.0,7566000.0,11977000.0,19136000.0,19100000.0,,38718000,,106791000,,-728000,1324000.0,,,,,,,373193000,,,21754000.0,0.0,412000.0,,,,,12018000,,,2028224000,1379305000,,239000.0,18000.0,40284000.0,,882952000,,,,21.79,527345000.0,93500000.0,33990000.0,59500000.0,,227143000.0,,6400000.0,,,,,,,1100000.0,277701.0,,,,,,,70426000.0,,1025969000,1.5,,2274568000.0,48400000.0,49575000.0,,,,,,,,,,7282000.0,2123000.0,2118000.0,86164964,86164964,,,,
2013-05-08,False,86164917,,,41471000,248225000,,,674076000,134401000,,,,,8302000,,1761192000,324964000,,,2904000.0,,,,,,,,29183000,16326000.0,,,,,,,0.1,140000000,86164917,8616000,95703000.0,17269000.0,466631000,,,,,219333000.0,0.01,,,,,,,,,,,,-3736000.0,,,,,,,,,19324000.0,,,,,,,,,37297000.0,148720000.0,,,,,,29834000,5721000,,,,0.47,,0.47,0.361,0.35,81158000,,,,,,,,,,,,,,,,,47000,19463000.0,63484000.0,22931000,,,,,,,,,,,,,,,,2400000,,,,14000,270800000,3178000.0,6051000,,,,,,,,,,,694670000,1761192000,254130000,440540000,,,0.0,,,,,,,,180714000,38619000,,229500000.0,,,,,,,,919300000,-21074000,-26134000,63534000,40553000.0,,,,-2460000,,,65944000,7270000,,,,,,,,,,,,,,,,41016000,,111106000,,-74000,2092000.0,1600000.0,,,,,,26949000,,,26140000.0,,0.0,,,,,815000,,,2049825000,1375749000,230754000.0,,,11074000.0,,923505000,,,,,532575000.0,,34681000.0,,,216429000.0,,,,,,,,,,,,,,,,,17498000.0,,1066522000,1.5,,,,,,,,,,,,,,,,,86164917,86164917,,,,
2013-08-08,False,86164917,,,66718000,267690000,,,691268000,134401000,,,,,8318000,,1854730000,324082000,,,2688000.0,,,,,,,,7370000,-5487000.0,,,,,,,0.1,140000000,86164917,8616000,95115000.0,17982000.0,492731000,,,,,228797000.0,,0.01,,,,,,,,,,,2067000.0,,,,,,,,,19605000.0,,,,,,,,,23346000.0,154804000.0,,,,,,30517000,5768000,,,,0.68,,0.68,0.386,0.35,89262000,,,,,,,,,,,,,,,,,-2332000,19463000.0,94878000.0,36623000,,,,,,,,,,,,,,,,2403000,,,,42000,287961000,3109000.0,6160000,,,,,,,,,,,729953000,1854730000,273128000,456825000,,,34680000.0,,,,,,,,190394000,38403000,,237400000.0,,,,,,,,981823000,-11610000,-147741000,153864000,58255000.0,,,,-2695000,,,97573000,7602000,,,,,,,,,,,,,,,,41793000,,111627000,,-334000,3153000.0,1600000.0,,,,,,156354000,,,26264000.0,,0.0,,,,,8613000,,,2160660000,1469392000,244868000.0,,,36290000.0,,981760000,,,,,590304000.0,,34070000.0,,,191429000.0,,,,,,,,,,,,,,,,,27021000.0,,1124777000,,1.5,,,,,,,,,,,,,,,,86164917,86164917,,,,
2013-11-08,False,86164917,,,54512000,268223000,,,715104000,134401000,,,,,8712000,,1904679000,333276000,,,2688000.0,,,,,,,,12104000,-753000.0,,,,,,,0.1,140000000,86164917,8616000,96792000.0,18155000.0,518382000,,,,,206113000.0,,0.01,,,,,,,,,,,30301000.0,,,,,,,,,21975000.0,,,,,,,,,225000.0,185408000.0,,,,,,32914000,5726000,,,,0.7,,0.7,0.369,0.35,97369000,,,,,,,,,,,,,,,,,-2194000,19463000.0,95253000.0,35104000,,,,,,,,,,,,,,,,2479000,,,,45000,303853000,2849000.0,6172000,,,,,,,,,,,719753000,1904679000,248811000,470942000,,,11996000.0,,,,,,,,167710000,38403000,,213700000.0,,,,,,,,1014041000,-34294000,-219845000,253386000,60149000.0,,,,-2823000,,,98076000,8395000,,,,,,,,,,,,,,,,43323000,,117824000,,-389000,7261000.0,1600000.0,,,,,,229199000,,,23713000.0,,0.0,,,,,9354000,,,2223721000,1508617000,251125000.0,,,36290000.0,,1041909000,,,,,616458000.0,,36307000.0,,,191429000.0,,,,,,,,,,,,,,,,,28500000.0,,1184926000,,1.5,,,,,,,,,,,,,,,,86164917,86164917,,,,
2014-02-28,True,86164917,2626693513.0,,36788000,248069000,,,730074000,134401000,-2000.0,,16700000.0,,8067000,700000.0,1932089000,332979000,,9900000.0,0.0,,,,,,,2300000.0,30174000,17317000.0,,,,6800000.0,,,0.1,140000000,86164917,8616000,385201000.0,71599000.0,1999210000,,74202000.0,89837000.0,15635000.0,191429000.0,,0.01,,,,,,,36600000.0,,28593000.0,,32736000.0,,,4143000.0,84383000.0,-165868000.0,23249000.0,-189117000.0,83923000.0,23249000.0,10648000.0,3800000.0,22067000.0,14873000.0,1595000.0,35200000.0,460000.0,249791000.0,2168000.0,189117000.0,1651000.0,239971000.0,8169000.0,20600000.0,126400000.0,127072000,23142000,,,,2.39,0.55,2.39,,,97187000,,,,6400000.0,,695000.0,8000.0,210000.0,315000.0,495000.0,8100000.0,,,,,,-5743000,19463000.0,328686000.0,122573000,102448000.0,,115040000.0,872000.0,0.0,12083000.0,5422000.0,-30063000.0,-8103000.0,-12027000.0,6952000.0,,14105000.0,1910000.0,,9620000,11585000.0,1731000.0,,147000,1170773000,11920000.0,6378000,,,,,,,,,,,700007000,1932089000,232122000,467885000,,,0.0,,,,,300000000.0,,191429000.0,155714000,35715000,,196500000.0,45000000.0,35715000.0,50000000.0,0.0,25000000.0,35714000.0,,1009936000,-48978000,-284371000,350666000,47156000.0,6600000.0,,,-9752000,,,76845000,30910000,,,,,,,58789000.0,15931000.0,4623000.0,5684000.0,7508000.0,10833000.0,14210000.0,17900000.0,,36588000,,123054000,3400000.0,-279000,10225000.0,,,,,,,295606000,,,21262000.0,0.0,0.0,7300000.0,,,,11235000,,,2273133000,1543059000,,299000.0,,38978000.0,,1089065000,,18000.0,,21.79,592470000.0,100400000.0,38784000.0,61600000.0,,191429000.0,,,0.0,,99281.0,,,,,266740.0,,,,,557174.0,,106435000.0,,1232082000,,1.5,2275000.0,48400000.0,49575000.0,,,,,,,,,,6310000.0,1074000.0,2046000.0,86164917,86164917,,,,
2014-05-06,False,86164917,,,71764000,285249000,,,761074000,134401000,,,,,8355000,,2031768000,388974000,,,,,,,,,,,41244000,11070000.0,,,,,,,0.1,140000000,86164917,8616000,106294000.0,19050000.0,540224000,,,,,180714000.0,,0.01,,,,,,,,,,,-1702000.0,,,,,,,,,25726000.0,,,,,,,,,26015000.0,189892000.0,,,,,,34092000,6734000,,,,0.53,,0.53,0.406,0.35,97731000,,,,,,,,,,,,,,,,,848000,19463000.0,77234000.0,31347000,,,,,,,,,,,,,,,,2076000,,,,33000,311181000,2506000.0,6437000,,,,,,,,,,,753799000,2031768000,293505000,460294000,,,0.0,,,,,,,,145000000,35714000,,186000000.0,,,,,,,,1043633000,-10715000,-77783000,99568000,45887000.0,,,,-2818000,,,80052000,7973000,,,,,,,,,,,,,,,,37255000,,125402000,,-775000,3323000.0,,,,,,,79818000,,,33432000.0,,,,,,,2035000,,,2347150000,1586076000,285052000.0,,,10715000.0,,1134952000,,,,,620276000.0,,39525000.0,,,180714000.0,,,,,,,,,,,,,,,,,29136000.0,,1277969000,,,,,,,,,,,,,,,,,,86164917,86164917,,,,
2014-08-07,False,86164917,,,63783000,302262000,,,780059000,134401000,,,,,9415000,,2124063000,382373000,,,,,,,,,,,19789000,-10385000.0,,,,,,,0.1,140000000,86164917,8616000,109917000.0,20618000.0,580292000,,,,,199714000.0,,0.01,,,,,,,,,,,-14475000.0,,,,,,,,,26722000.0,,,,,,,,,25501000.0,178115000.0,,,,,,35121000,6102000,,,,0.86,,0.86,0.39,0.35,107964000,,,,,,,,,,,,,,,,,-2396000,19463000.0,121064000.0,47215000,,,,,,,,,,,,,,,,1622000,,,,26000,340309000,2513000.0,7059000,,,,,,,,,,,772245000,2124063000,297563000,474682000,,,44000000.0,,,,,,,,164000000,35714000,,204400000.0,,,,,,,,1132458000,8285000,-200343000,181673000,73849000.0,,,,-1631000,,,122695000,9836000,,,,,,,,,,,,,,,,45870000,,132567000,,-35000,3943000.0,,,,,,,218568000,,,29657000.0,,,,,,,18225000,,,2456416000,1676357000,295555000.0,,,35715000.0,,1208801000,,,,,702987000.0,,40764000.0,,,155714000.0,,,,,,,,,,,,,,,,,33157000.0,,1351818000,,,,,,,,,,,,,,,,,,86164917,86164917,,,,
2014-11-05,False,86164917,,,47285000,322395000,,,804487000,134401000,,,,,9471000,,2188539000,394601000,,,,,,,,,,,8169000,-22005000.0,,,,,,,0.1,140000000,86164917,8616000,111670000.0,21338000.0,617324000,,,,,183917000.0,,,,,,,,,,,,,-7150000.0,,,,,,,,,27110000.0,,,,,,,,,12608000.0,185828000.0,,,,,,37707000,6320000,,,,0.9,,0.9,0.371,0.35,123220000,,,,,,,,,,,,,,,,,-2300000,19463000.0,123867000.0,45958000,,,,,,,,,,,,,,,,1463000,,,,19000,363420000,2880000.0,7096000,,,,,,,,,,,758812000,2188539000,286601000,472211000,,28203000.0,,,,,,,,,148203000,35714000,,187600000.0,,,,,,,,1163523000,-7512000,-292508000,278015000,77909000.0,,,,-2395000,,,126262000,10118000,,,,,,,,,,,,,,,,43581000,,138180000,,-951000,7086000.0,,,,,,,311993000,,,29841000.0,,,,,,,19485000,,,2535381000,1730894000,320084000.0,,,35715000.0,,1286710000,,,,,743586000.0,,41948000.0,,,155714000.0,,,,,,,,,,,,,,,,,34590000.0,,1429727000,,,,,,,,,,,,,,,,,,86164917,86164917,,,,
2015-02-26,True,85925587,4085227825.0,,45314000,303170000,,,831527000,134401000,-2000.0,,19300000.0,,9069000,,2236237000,433143000,,,,,,,,,,,34787000,4613000.0,,,,,,,0.1,140000000,86094297,8609000,432675000.0,83417000.0,2346590000,,123598000.0,139456000.0,15858000.0,155714000.0,,,,,,,,,42700000.0,,21542000.0,,25544000.0,,,4002000.0,99714000.0,-191412000.0,29371000.0,-220783000.0,99155000.0,29371000.0,12924000.0,4300000.0,28648000.0,19291000.0,2161000.0,36690000.0,559000.0,290567000.0,0.0,220783000.0,1737000.0,279324000.0,9506000.0,26400000.0,145800000.0,146466000,25507000,,,,3.1,0.81,3.1,,,106200000,,,,,,,,,,,,,,,,,-716000,19463000.0,432514000.0,165000000,176221000.0,,151380000.0,959000.0,-152000.0,14120000.0,1307000.0,-54443000.0,8526000.0,-36758000.0,7225000.0,,18960000.0,-4316000.0,,6610000,9710000.0,2884000.0,,108000,1381277000,10679000.0,6982000,,,,,,,,,,,742173000,2236237000,255638000,486535000,,0.0,,,,,,,,155714000.0,120000000,35714000,,165500000.0,45000000.0,35714000.0,0.0,50000000.0,0.0,25000000.0,,1158108000,-41247000,-345814000,391674000,69869000.0,6600000.0,,,-8793000,,,112298000,36145000,,,,,,,50782000.0,13956000.0,2784000.0,5411000.0,7522000.0,10438000.0,10671000.0,16500000.0,,40386000,,145752000,3400000.0,-2291000,44730000.0,,,5532000.0,,,,367680000,,,21085000.0,,0.0,,,,,21866000,,,2574772000,1743245000,,298000.0,,35715000.0,,1351054000,,17500.0,,,721048000.0,107700000.0,42271000.0,65400000.0,,155714000.0,,,0.0,,70951.0,,,,,325921.0,,,,,627133.0,,129312000.0,,1494064000,,,,,,,,70620.0,5532000.0,200000000.0,194500000.0,,,,5564000.0,1741000.0,2487000.0,86162137,86162137,,,,
2015-05-07,False,85765071,,,48955000,317705000,,,864191000,134401000,,,,,9738000,,2340384000,499893000,,,3552000.0,,,,,,,,113038000,78251000.0,,,,,,,0.1,140000000,85913659,8591000,88049000.0,22274000.0,592680000,,,,,148552000.0,,,3600000.0,,,,,,,,,,-18789000.0,,,,,,,,,32994000.0,,,,,,,,,47938000.0,205617000.0,,,,,,38788000,6775000,,,,0.73,,0.73,0.386,0.35,125619000,,,,,,,,,,,,,,,,,-33000,19463000.0,101830000.0,39306000,,,,,,,,,,,,,,,,1569000,,,,71000,368442000,2278000.0,6326000,,,,,,,,,,,797123000,2340384000,321682000,475441000,,0.0,,,,,,,,,120596000,27956000,,156900000.0,,,,,,,,1190899000,-24041000,-70302000,172594000,62524000.0,3552000.0,,,-1735000,,,103565000,10042000,,,,,,,,,,,,,,,,42557000,,149228000,,-237000,7445000.0,,,13327000.0,,,,72153000,,,28711000.0,,,,,,,1851000,,,2642662000,1778471000,335706000.0,,,10714000.0,,1400269000,,,,,696245000.0,,43964000.0,,,145000000.0,,,,,,,,,,,,,,,,,30148000.0,,1543261000,,,,,,,,180638.0,13300000.0,200000000.0,181100000.0,,,,,,,85970829,85970829,,,,
2015-08-06,False,85300078,,,61042000,330091000,,,890286000,134401000,,,,,9397000,,2378067000,421665000,,,3344000.0,,,,,,,,12789000,-21998000.0,,,,,,,0.1,140000000,85506709,8550000,93390000.0,23538000.0,621252000,,,,,146344000.0,,,3600000.0,,,,,,,,,,-14451000.0,,,,,,,,,34648000.0,,,,,,,,,6501000.0,211609000.0,,,,,,39771000,6501000,,,,1.0,,1.0,0.386,0.35,134606000,,,,,,,,,,,,,,,,,-1700000,19463000.0,139372000.0,53798000,,,,,,,,,,,,,,,,1169000,,,,83000,387423000,2474000.0,6434000,,,,,,,,,,,778304000,2378067000,298862000,479442000,,23000000.0,,,,,,,,,118000000,28344000,,153000000.0,,,,,,,,1288267000,-55321000,-220902000,254225000,85574000.0,3552000.0,,,-1527000,,,140899000,10321000,,,,,,,,,,,,,,,,45474000,,149833000,,-441000,9688000.0,,,42399000.0,,,,231253000,,,34449000.0,,,,,,,10351000,,,2781751000,1891465000,353932000.0,,,35922000.0,,1456812000,,,,,762151000.0,,44734000.0,,,120000000.0,,,,,,,,,,,,,,,,,32702000.0,,1599763000,,,,,,,,406950.0,29100000.0,200000000.0,152100000.0,,,,,,,85726933,85726933,,,,
2015-11-09,False,84584328,,,58258000,337706000,,,919120000,134401000,,,,,9237000,,2474485000,436206000,,,2377000.0,,,,,,,,11412000,-23375000.0,,,,,,,0.1,140000000,84967313,8496000,88669000.0,23855000.0,639620000,,,,,185377000.0,,,3700000.0,,,,,,,,,,-9288000.0,,,,,,,,,36646000.0,,,,,,,,,,218770000.0,,,,,,42561000,6867000,,,,0.99,,0.99,0.384,0.35,144770000,,,,,,,,,,,,,,,,,-2177000,19463000.0,136858000.0,52490000,,,,,,,,,,,,,,,,1163000,,,,33000,406592000,2395000.0,7394000,,,,,,,,,,,827072000,2474485000,364172000,462900000,,63000000.0,,,,,,,,,95000000,90377000,,192400000.0,,,,,,,,1361513000,-53006000,-342643000,372274000,84368000.0,3552000.0,,,-2996000,,,139854000,10808000,,,,,,,,,,,,,,,,47606000,,149130000,,-1866000,20090000.0,,,79117000.0,,,,362015000,,,30352000.0,,,,,,,19372000,,,2890330000,1971210000,362740000.0,,,36889000.0,,1504516000,,,,,779474000.0,,46356000.0,,,120000000.0,,,,,,,,,,,,,,,,,30297000.0,,1647413000,,,,,,,,539396.0,36700000.0,200000000.0,115400000.0,,,,,,,85247467,85247467,,,,
2016-02-29,True,83818609,4365601240.0,,66774000,310501000,,,929377000,134401000,,,22900000.0,,8976000,,2466504000,381730000,,3600000.0,1488000.0,,,,,,,400000.0,11472000,-23315000.0,,,,,,,0.1,140000000,84411878,8441000,353889000.0,93292000.0,2474202000,,120437000.0,141685000.0,21248000.0,133805000.0,,,,,,,,,44500000.0,48700000.0,38549000.0,,43642000.0,345924000.0,,5093000.0,110870000.0,,,,110870000.0,,12008000.0,4200000.0,33382000.0,22174000.0,1730000.0,41576000.0,0.0,235054000.0,,235054000.0,1483000.0,334379000.0,10062000.0,30300000.0,164800000.0,165343000,26913000,,,,3.57,0.85,3.57,,,124589000,,,,,,,,,,,,,,,,,-3592000,19463000.0,490017000.0,185327000,130058000.0,,171506000.0,1035000.0,-1275000.0,17097000.0,3036000.0,-8672000.0,21460000.0,11511000.0,11549000.0,,-653000.0,-6097000.0,,5210000,8414000.0,2526000.0,,209000,1569791000,9620000.0,7585000,,,,,,,,,,,781867000,2466504000,285402000,496465000,,12317000.0,,,,,,,,133805000.0,107317000,26488000,,139100000.0,45000000.0,26488000.0,12317000.0,0.0,50000000.0,0.0,,1358317000,-139578000,-437617000,553880000,72224000.0,3552000.0,6600000.0,,-8223000,,,113922000,37368000,,,,,,,65906000.0,13761000.0,3677000.0,4424000.0,6937000.0,10239000.0,26868000.0,15200000.0,,41863000,,154094000,3400000.0,-3222000,34547000.0,,,114117000.0,,,,462059000,,,25210000.0,,,,,,,24442000,,,2952825000,2023448000,,313000.0,,37778000.0,,1541795000,,12000.0,,,734572000.0,119200000.0,44917000.0,74300000.0,,120000000.0,,,0.0,,61440.0,,,,,294184.0,,,,,601604.0,,116300000.0,,1684637000,,,,,,,,,114117000.0,200000000.0,80400000.0,,,,4453000.0,1511000.0,2622000.0,85378480,85378480,,,,
2016-05-06,False,83440538,,,81079000,311650000,,24944000.0,961616000,134401000,,,,,8925000,,2515440000,355624000,,,596000.0,,,,,,,,7133000,-4339000.0,,,,,,,0.1,140000000,83649398,8365000,75372000.0,23188000.0,608185000,,,,,125322000.0,,0.01,,,,,,25000000.0,,,,,,,,,,,,,,,,,,,,,,,28881000.0,235054000.0,,,,,,44772000,7005000,,,,0.72,,0.72,,,118226000,,,,,,,,,,,,,,,,,200000,19463000.0,97865000.0,37580000,,,,,,,,,,,,,,,,1183000,,,,16000,400869000,2273000.0,8686000,,,,,,,,,,,815164000,2515440000,323223000,491941000,,4726000.0,,,,,,,0.0013,,99726000,25596000,,131300000.0,,,,,,,,1409501000,-53129000,-119603000,168393000,60285000.0,0.0,,,-1683000,,,99548000,10244000,,,,,,,,,,,,,,,,42195000,,157161000,,-516000,4554000.0,,,44646000.0,,,,120294000,,,32287000.0,,,,,,,691000,,,3059774000,2098158000,375260000.0,,,892000.0,,1557510000,,,,,707733000.0,,44497000.0,,,120000000.0,,,,,,,,,,,,,,,,,18496000.0,,1700276000,,,,,,,,,,200000000.0,35700000.0,,,,,,,83983028,83983028,,,,
2016-08-08,False,82852240,,,79230000,319019000,,37829000.0,986198000,134536000,,,,,7762000,,2659802000,371859000,,,0.0,,,,,,,,10673000,-799000.0,,,,,,,0.1,140000000,83096036,8310000,80335000.0,23466000.0,621999000,,,,,218332000.0,,0.01,,,,,,,,,,,,,,,,,,,,,,,,,,,,,,252501000.0,,,,,,46480000,7327000,,,,0.98,,0.98,,,130743000,4100000.0,,,,,,,,,,,,,,,,466000,19463000.0,132124000.0,50736000,,,,,,,,,,,,58840000.0,,,27416.0,1064000,,,,12000,408424000,2164000.0,8638000,,,,,,,,,,,918033000,2659802000,291351000,626682000,,123332000.0,,,,,,,0.0013,,218332000,0,,223600000.0,,,,,,,,1522997000,-494000,-292536000,292231000,81388000.0,0.0,,,-1312000,,,133436000,9363000,,,,,,,,,,,,,,,,43597000,,155849000,,-260000,8480000.0,,,84683000.0,,,,295533000,,,33687000.0,,,,,,111015000.0,2997000,,,3211081000,2224883000,389458000.0,,,26488000.0,,1598923000,,,,,755435000.0,,43549000.0,,,95000000.0,,,0.0,0.0,74376.0,63.94,74376.0,63.94,,0.0,,0.0,,2000000.0,,,18176000.0,,1741769000,,,,,,,,622663.0,40000000.0,,245600000.0,,,,,,,83381429,83354013,,,,
2016-11-07,False,82439552,,,55145000,333041000,,27045000.0,1018762000,135000000,,,,,8174000,,2684348000,389155000,,,0.0,,,,,,,,15014000,3542000.0,,,,,,,0.1,140000000,82578641,8258000,83197000.0,22714000.0,645207000,,,,,193129000.0,,0.01,,,,,,,,,,,,,,,,,,,,,,,,,,,,,,266348000.0,,,,,,49041000,7025000,,,,1.03,,1.03,,,140408000,3600000.0,,,,,,,,,,,,,,,,542000,19463000.0,136277000.0,50696000,,,,,,,,,,,,42039000.0,,,69301.0,1131000,,,,10000,425076000,2050000.0,8664000,,,,,,,,,,,890873000,2684348000,268974000,621899000,,98129000.0,,,,,,,0.0013,,193129000,0,,198800000.0,,,,,,,,1513869000,-60036000,-346550000,410128000,85581000.0,0.0,,,-1127000,,,137404000,10185000,,,,,,,,,,,,,,,,46057000,,162422000,,-6000,9784000.0,,,119022000.0,,,,351121000,,,31316000.0,,,,,,85812000.0,4571000,,,3248435000,2229673000,396851000.0,,,26488000.0,,1650217000,,,,,782611000.0,,46376000.0,,,95000000.0,,,0.0,0.0,74376.0,63.94,74376.0,63.94,,0.0,,0.0,,2000000.0,,,18907000.0,,1793475000,,,,,,,,517395.0,34300000.0,,211300000.0,,,,,,,82811371,82742070,,,,
2017-02-27,True,82466236,3708544464.0,,89216000,320087000,,,1043582000,135466000,,,20500000.0,,8346000,,2696247000,382622000,,3600000.0,0.0,,,,,,,400000.0,10171000,-1301000.0,,,,,,,0.1,140000000,82416657,8242000,322997000.0,92426000.0,2507682000,,126903000.0,147014000.0,20111000.0,104975000.0,,,,,,,,,51000000.0,53800000.0,29354000.0,,34808000.0,389833000.0,,5454000.0,119971000.0,,,,,,10395000.0,4000000.0,40742000.0,24227000.0,1198000.0,43409000.0,,269862000.0,,272599000.0,2334000.0,376034000.0,11465000.0,28900000.0,189600000.0,189867000,27904000,,,,0.83,,0.83,,,129170000,3000000.0,,,,,,,,,,,,,,,,168000,19463000.0,477587000.0,181822000,123395000.0,,167156000.0,964000.0,-601000.0,16711000.0,2408000.0,-11176000.0,22442000.0,21184000.0,6548000.0,,20829000.0,-21227000.0,41647.0,4332000,6417000.0,2262000.0,,58000,1652055000,7920000.0,8699000,,,,,,,,,,,845089000,2696247000,288636000,556453000,,9975000.0,,,,,,,,104975000.0,104975000,0,,108300000.0,0.0,0.0,45000000.0,9975000.0,0.0,50000000.0,,1496697000,-159484000,-407400000,565583000,68511000.0,0.0,,,-6248000,,,113447000,37861000,,,,,,,61647000.0,12340000.0,3234000.0,3895000.0,5617000.0,8591000.0,27970000.0,13800000.0,,52760000,,178879000,,-1974000,14402000.0,,,130316000.0,,,,417941000,,,37962000.0,,,,,-338000.0,-2342000.0,10541000,,,3284984000,2241402000,,254000.0,,26488000.0,,1707450000,,12000.0,,,745738000.0,125800000.0,47417000.0,78400000.0,,95000000.0,1410000.0,,,,,,,,,,,,,,,,74051000.0,,1851158000,,,,,,,1072000.0,,130316000.0,,,,,,3083000.0,1427000.0,2797000.0,83153659,83112012,,,,
2017-05-10,False,82441875,,,56843000,332157000,,22315000.0,1088880000,136171000,,,,,8711000,,2745010000,425074000,,,,,,,,,,,47551000,37380000.0,,,,,,0.1,0.1,140000000,82465636,8247000,90987000.0,24022000.0,645974000,,,,,95000000.0,,0.01,,,,,,,,,,,,,,,,,,,,,,,,,,,,,31423000.0,272599000.0,,,,,,50287000,7433000,,,,0.8,,0.8,,,126511000,,,,,,,,,,,,,,,,,77000,19463000.0,107153000.0,41361000,,,,,,,,,,,,-6057000.0,,,95434.0,595000,,,,35000,416504000,2114000.0,8733000,,,,,,,,,,,835647000,2745010000,334785000,500862000,,0.0,,,,,,,0.0013,,45000000,50000000,,98200000.0,,,,,,,,1492136000,-18260000,-55169000,110809000,65792000.0,,,,-969000,,,108122000,8790000,,,,,,,,,,,,,,,,54187000,,183263000,,-409000,5734000.0,,,50000.0,8235000.0,,,56997000,,,39632000.0,,,,,,-9975000.0,1828000,,,3335166000,2246286000,416431000.0,,,0.0,,1764945000,,,,,754096000.0,,47693000.0,,,95000000.0,710000.0,,,,,,,,,,,,,,,,17997000.0,,1909363000,,,,,,,,600.0,50000.0,,199900000.0,,,,,,,82444458,82349024,,,,
2017-08-07,False,82386172,,,54234000,363807000,,25841000.0,1125102000,136707000,,,,,8443000,,2840198000,444612000,,,,,,,,,,,33833000,23662000.0,,,,,,0.1,0.1,140000000,82387823,8239000,88580000.0,24961000.0,679480000,,,,,95000000.0,,0.01,,,,,,,,,,,,,,,,,,,,,,,,,,,,,20678000.0,272599000.0,,,,,,50449000,7022000,,,,1.2,,1.19,,,145760000,,,,,,,,,,,,,,,,,485000,19463000.0,160290000.0,61872000,,,,,,,,,,,,-28507000.0,,,109352.0,642000,,,,69000,441904000,1982000.0,8617000,,,,,,,,,,,847207000,2840198000,344410000,502797000,,0.0,,,,,,,0.0013,,45000000,50000000,,98600000.0,,,,,,,,1573352000,-33923000,-180929000,238514000,98418000.0,,,,-142000,,,160432000,9314000,,,,,,,,,,,,,,,,54880000,,185198000,,431000,6393000.0,,,7135000.0,16469000.0,,,188318000,,,40579000.0,,,,,-344000.0,-9975000.0,7389000,,,3446345000,2321243000,419188000.0,,,0.0,,1848045000,,,,,839912000.0,,47897000.0,,,95000000.0,1590000.0,,,,,,,,,,,,,,,,20860000.0,,1992991000,,,,,,,,82016.0,7100000.0,,192800000.0,,,,,,,82427975,82318623,,,,
2017-11-07,False,82375945,,,59702000,391858000,,26745000.0,1162640000,137533000,,,,,9315000,,2956170000,513095000,,,,,,,,,,,78091000,67920000.0,,,,,,0.1,0.1,140000000,82375945,8238000,95543000.0,24547000.0,709112000,,,,,95000000.0,,0.01,,,,,,,,,,,,,,,,,,,,,,,,,,,,,19707000.0,274414000.0,,,,,,51934000,6490000,,,,1.24,,1.24,,,151406000,,,,,,,,,,,,,,,,,705000,19463000.0,164525000.0,62211000,,,,,,,,,,,,-34302000.0,,,94641.0,555000,,,,228000,461799000,2018000.0,8654000,,,,,,,,,,,869154000,2956170000,355649000,513505000,,0.0,,,,,,,0.0013,,45000000,50000000,,98200000.0,,,,,,,,1612380000,-43029000,-277064000,388013000,102314000.0,,,,650000,,,163875000,10700000,,,,,,,,,,,,,,,,56209000,,194091000,,977000,7529000.0,,-2139000.0,8013000.0,24697000.0,,,288840000,,,35617000.0,,,,,-344000.0,-9975000.0,9637000,,,3530043000,2367403000,427271000.0,,,0.0,,1941245000,,,,,872987000.0,,48089000.0,,,95000000.0,2416000.0,,,,,,,,,,,,,,,,22739000.0,,2087016000,,,,,,,,9305.0,900000.0,,192000000.0,,,,,,,82380936,82286295,,,,
2018-02-27,True,82374451,6264630995.0,,73729000,394169000,,,1175470000,138359000,,,27300000.0,22.7,9465000,,3068424000,584653000,,,,,,,,,,,127462000,117291000.0,,,,,,0.4,0.1,140000000,82375945,8238000,381798000.0,99778000.0,2782226000,,169053000.0,194697000.0,25644000.0,95000000.0,,,,,,,,,59500000.0,61500000.0,-81551000.0,,-82639000.0,278440000.0,,-1088000.0,91217000.0,,,,,,15157000.0,4200000.0,29220000.0,17832000.0,,29008000.0,,187223000.0,,189960000.0,1703000.0,266730000.0,10007000.0,35900000.0,205600000.0,205763000,27754000,,32925000.0,,2.4,,2.39,,,152566000,,4600000.0,9.0,,,,,,,,,,,,,,1274000,19463000.0,575832000.0,112058000,199404000.0,-104864000.0,201541000.0,,-4896000.0,20277000.0,,-76353000.0,-15487000.0,-4939000.0,1843000.0,,27371000.0,-12885000.0,98651.0,2154000,5442000.0,3309000.0,,740000,1802440000,7984000.0,8668000,,,,,,,,,,71.4,791570000,3068424000,351049000,440521000,,0.0,,,,,,,,95000000.0,45000000,50000000,,97100000.0,0.0,,45000000.0,0.0,0.0,50000000.0,,1591036000,-51257000,-367746000,536294000,197250000.0,0.0,,,-54000,,,143457000,41718000,,,,,,,65766000.0,12609000.0,4016000.0,5610000.0,7907000.0,10262000.0,25362000.0,14100000.0,,59849000,,205561000,,1360000,21612000.0,,2139000.0,8013000.0,,32963000.0,,382125000,,,41410000.0,,,,,-344000.0,-9975000.0,12240000,,,3579929000,2404459000,,110000.0,,0.0,,2130257000,,6000.0,,,891117000.0,127600000.0,49949000.0,77700000.0,,95000000.0,3242000.0,,,,,90.16,,,,,2700000.0,,,,,,84747000.0,,2276854000,,,,,,,2898000.0,,8013000.0,,,,,,3488000.0,2555000.0,2150000.0,82407068,82308417,,,,
2018-05-07,False,82199387,,,78498000,412932000,,25872000.0,1222814000,138921000,,,,,9743000,,3144004000,615450000,,,,,,,,,,,159937000,32475000.0,,,,,,0.13,0.13,140000000,82284180,8229000,114061000.0,26788000.0,775680000,,,,,45000000.0,,0.01,,,,,,,,,,,,,,,,,,,,,,,,,,,,,31305000.0,179354000.0,,,,,,53481000,7046000,,,,1.33,,1.33,,,157818000,,,,,,,,,,,,,,,,,364000,19463000.0,147486000.0,38153000,,,,,,,,,,,,46937000.0,,,102578.0,11000,,,,456000,501311000,1875000.0,8705000,,,,,,,,,,68200000.0,785253000,3144004000,345285000,439968000,,0.0,,,,,,,0.0013,,45000000,0,,46400000.0,,,,,,,,1634854000,-78561000,-100211000,211247000,109333000.0,,,,-1854000,,,149340000,11099000,,,,,,,,,,,,,,,,58257000,,215614000,,-2299000,5542000.0,,,17299000.0,10695000.0,,,100558000,,,37039000.0,,,,,-567000.0,0.0,347000,,,3673648000,2450834000,441957000.0,,,50000000.0,,2211601000,,,,,925020000.0,,51792000.0,,,45000000.0,1132000.0,,,,,,,,,,,,,,,,21740000.0,,2358751000,,,,,,,,121987.0,17300000.0,250000000.0,174700000.0,,,,,,,82356048,82253470,,,,
2018-08-07,False,81996361,,,81668000,456906000,,27510000.0,1272814000,139557000,,,,,10033000,,3321082000,647585000,,,,,,,,,,,140571000,13109000.0,,,,,,0.13,0.1,140000000,82079355,8208000,,,813017000,,,,,45000000.0,,0.01,,,,,,,,,,,,,,,,,,,,,,,,,,,,,27895000.0,196945000.0,,,,,,56235000,7439000,28165000.0,,,1.99,,1.99,0.262,0.21,177121000,,,,,,,,,,,,,,,,,785000,19463000.0,221472000.0,58038000,,,,,,,,,,,,39148000.0,,,101680.0,11000,,,,668000,522249000,1647000.0,8747000,,,,,,,,,,61500000.0,839031000,3321082000,366362000,472669000,,0.0,,,,,,,0.0013,,45000000,0,,45800000.0,,,,,,,,1760117000,-119841000,-291741000,424691000,,,,,991000,,124919000.0,220481000,11342000,,,,,,,,,,,,,,,,68326000,5086000.0,230724000,,334000,7373000.0,,,47394000.0,21373000.0,,,292269000,,42735000.0,,,,,,-1074000.0,0.0,528000,,163434000.0,3858522000,2585708000,451237000.0,,,50000000.0,,2334286000,1033498000.0,,,,,,52168000.0,,,45000000.0,2275000.0,,,,,,,,,,,,,,,,,,2482051000,,,,,,,,205354.0,30100000.0,250000000.0,247600000.0,,,,,,,82169552,82067872,,,,
2018-11-05,False,81750145,,,88150000,466455000,,26999000.0,1300451000,140841000,,,,,9916000,,3489312000,696315000,,,,,,,,,,,177468000,50006000.0,,,,,,0.13,0.1,140000000,81885354,8189000,,,829848000,,,,,45000000.0,,0.01,,,,,,,,,,,37571000.0,,,,,,,,,,,,,,,,,,,227531000.0,,,,,,58086000,8215000,27952000.0,,,2.12,,2.12,0.243,0.21,193525000,,,,,,,,,,,,,,,,,-72000,19463000.0,229204000.0,55762000,,,,,,,,,,,,20349000.0,,,90512.0,29000,,,,778000,536513000,1533000.0,8749000,,,,,,,,,,61500000.0,872380000,3489312000,362457000,509923000,,0.0,,,,,,,0.0013,,45000000,0,,45800000.0,,,,,,,,1835160000,-159674000,-465738000,675418000,,,,,819000,,126024000.0,228385000,12069000,,,,,,,,,,,,,,,,70259000,2874000.0,237392000,,70000,15752000.0,,-799000.0,76589000.0,32011000.0,,,469866000,,36640000.0,,,,,,-1074000.0,0.0,3329000,,173442000.0,4003726000,2703275000,450992000.0,,,50000000.0,,2467902000,1058233000.0,,,,,,53783000.0,,,45000000.0,3559000.0,,,,,,,,,,,,,,,,,,2616932000,,,,,,,,194001.0,29200000.0,250000000.0,218400000.0,,,,,,,81975774,81885262,,,,
2019-02-27,True,81146989,9679656484.0,,78518000,427569000,,26495000.0,1318209000,142176000,,,28200000.0,10700000.0,9913000,,3545283000,706229000,,,,,,,,,,,190282000,62820000.0,,,,,,0.13,0.1,140000000,81231131,8123000,,,3226644000,152138000.0,113491000.0,,38647000.0,45000000.0,,,,,,,,,60800000.0,62900000.0,49125000.0,57707000.0,57709000.0,342462000.0,,8582000.0,97532000.0,,,,,,20861000.0,,31306000.0,17932000.0,,27433000.0,,244930000.0,,247669000.0,3151000.0,339311000.0,10007000.0,59800000.0,230400000.0,230357000,31070000,112210000.0,,42594000.0,1.96,,1.95,,0.21,198456000,,,3200000.0,,,,,,,,,,,,,,-477000,19463000.0,815513000.0,209845000,170035000.0,-104864000.0,171258000.0,,2191000.0,36396000.0,,34666000.0,4789000.0,-17813000.0,8142000.0,,5010000.0,12003000.0,96217.0,189000,,3237000.0,4525000.0,3113000,2075602000,6446000.0,10619000,,,,,,,,,,61500000.0,864800000,3545283000,356732000,508068000,,0.0,,,,,,,0.0013,45000000.0,45000000,0,,45600000.0,,,,,,,,1811233000,-256905000,-580391000,900116000,159459000.0,,,,-1538000,1.0,491030000.0,218845000,44118000,,,,,,,108709000.0,12502000.0,6775000.0,9251000.0,11398000.0,12162000.0,56621000.0,12600000.0,,64648000,20614000.0,215399000,,-4462000,40691000.0,,-918000.0,163265000.0,42566000.0,,,588292000,,47687000.0,,,,,,-1074000.0,-9975000.0,6983000,,605668000.0,4073152000,2754943000,454432000.0,,,50000000.0,,2530184000,1026944000.0,,,,,135800000.0,53263000.0,82500000.0,,45000000.0,4894000.0,,1659.0,,,,,,,,,,,,520458.0,,,,2680483000,,,,,,,3820000.0,,163265000.0,,,,,,3632000.0,3846000.0,3702000.0,82019781,81923564,,,,
2019-05-07,False,80946620,,,79397000,447242000,,53842000.0,1377220000,143123000,,,,,10215000,,3704042000,783878000,,,,,,,,,,,280627000,90345000.0,,,,,,0.17,0.1,140000000,81071908,8107000,,,812356000,,,,,45000000.0,,,,,,,,,,,,,,,,,,,,,,,,,,,,,,,,247669000.0,,,,,,63073000,7839000,29071000.0,,,1.65,,1.64,,,174346000,,,,,,,,,,,,,,,,,-477000,19463000.0,180387000.0,47064000,,,,,,,,,,,,-7369000.0,,,110417.0,122000,,,,1483000,522344000,,10873000,89424000.0,47210000.0,,5314000.0,6524000.0,8917000.0,11516000.0,9943000.0,20471000.0,58900000.0,933671000,3704042000,358155000,575516000,,0.0,,,,,,,0.0013,,45000000,0,,46000000.0,,,,,,,0.0479,1835518000,-45366000,-70464000,206175000,,,,,1961000,1.0,121357000.0,178426000,11172000,3600000.0,68953000.0,10400000.0,58600000.0,3500000.0,67800000.0,,,,,,,,,0.042,138844000,5253000.0,282847000,,600000,8091000.0,,,30596000.0,13790000.0,,,70741000,,47918000.0,,,,,,-980000.0,,277000,,133323000.0,4139077000,2761857000,463326000.0,,,50000000.0,,2619141000,990782000.0,,,,,,50570000.0,,,45000000.0,1933000.0,,,,,,,,,,,,,,,,,,2770371000,,,,,,,,,,,,,,,,,,81143554,81033137,,,,
2019-08-07,False,80006284,,,85125000,449984000,,45897000.0,1436282000,144938000,,,,,10019000,,3758703000,741420000,,,,,,,,,,,228960000,38678000.0,,,,,,0.17,0.1,140000000,80138666,8014000,,,826177000,,,,,45000000.0,,,,,,,,,,,,,,,,,,,,,,,,,,,,,,,,247669000.0,,,,,,62571000,6134000,29384000.0,,,2.16,,2.16,,,191132000,,,,,,,,,,,,,,,,,-718000,19463000.0,235574000.0,61502000,,,,,,,,,,,,-23910000.0,,,123088.0,160000,,,,1769000,532583000,,11008000,88392000.0,47256000.0,,5771000.0,7037000.0,9460000.0,12073000.0,6795000.0,19948000.0,49000000.0,960218000,3758703000,386105000,574113000,,0.0,,,,,,,0.0013,,45000000,0,,46200000.0,,,,,,,0.0479,1906675000,-193615000,-229590000,461883000,,,,,1085000,1.0,122410000.0,234489000,11587000,3700000.0,68444000.0,10500000.0,57900000.0,3700000.0,67300000.0,,,,,,,,,0.042,139649000,4649000.0,281444000,,-524000,8161000.0,,,164732000.0,27435000.0,,,229956000,,54315000.0,,,,,,-1448000.0,,366000,,174072000.0,4294453000,2858171000,477870000.0,,,50000000.0,,2645533000,1060666000.0,,,,,,50803000.0,,,45000000.0,4216000.0,,,,,,,,,,,,,,,,,,2798485000,,,,,,,,,,,,,,,,,,80645364,80522276,,,,
2019-11-04,False,79823521,,,81269000,425850000,,53728000.0,1459709000,146085000,,,,,9279000,,3892418000,806978000,,,,,,,,,,,322286000,,322286000.0,132004000.0,,,,0.17,0.1,140000000,79884372,7988000,,,830930000,,,,,45000000.0,,,,,,,,,,,,,,,,,,,,,,,,,,,,,,,,247669000.0,,,,,,63493000,8098000,29117000.0,,,2.05,,2.05,,,201122000,,,,,,,,,,,,,,,,,-5624000,19463000.0,218394000.0,54295000,,,,,,,,,,,,-75897000.0,,,109154.0,3000,,,,1714000,533451000,,11538000,87999000.0,47776000.0,,6288000.0,7727000.0,10066000.0,12672000.0,3470000.0,19446000.0,49000000.0,982890000,3892418000,396862000,586028000,,0.0,,,,,,,0.0013,,45000000,0,,46200000.0,,,,,,,0.0479,1916392000,-247799000,-367712000,747515000,,,,,867000,1.0,117343000.0,217527000,11280000,3700000.0,68553000.0,10700000.0,57900000.0,3500000.0,67400000.0,,,,,,,,,0.04,138083000,11452000.0,293359000,,-844000,12225000.0,,-799000.0,205346000.0,41005000.0,,,370310000,,46617000.0,,,,,,-1448000.0,,2598000,,164099000.0,4387603000,2927894000,487635000.0,,,50000000.0,,2755455000,1048457000.0,,,,,,51613000.0,,,45000000.0,5363000.0,,,,,,,,,,,,,,,,,,2909528000,,,,,,,,,,,,,,,,,,79989435,79880281,,,,
2020-02-26,True,79697285,9715749809.0,,70254000,397579000,,46130000.0,1464235000,222430000,,,28300000.0,42900000.0,8866000,,3995568000,866834000,,,,,,,,,,,403571000,,403571000.0,213289000.0,,,,0.17,0.1,140000000,79688356,7969000,,,3290405000,195274000.0,152836000.0,,42438000.0,45000000.0,,,,,,,,,71400000.0,75400000.0,12013000.0,13157000.0,13157000.0,358379000.0,,1144000.0,100292000.0,,,,,,11843000.0,,42417000.0,17642000.0,,28390000.0,,258087000.0,,261964000.0,3617000.0,354762000.0,,60400000.0,253700000.0,253681000,29601000,116839000.0,,54584000.0,1.81,,1.8,,0.21,192524000,,900000.0,10800000.0,,,,,,,,,,,,,,-6066000,19463000.0,823949000.0,208431000,157290000.0,-104864000.0,173029000.0,,-105000.0,35507000.0,,-30330000.0,-8264000.0,32612000.0,5297000.0,,21252000.0,16807000.0,130254.0,377000,,3128000.0,3857000.0,6763000,2122464000,,11709000,85213000.0,43008000.0,12839000.0,4828000.0,6377000.0,7906000.0,10255000.0,,18728000.0,48900000.0,914851000,3995568000,366085000,548766000,,0.0,,,,,,,0.001,,45000000,0,,46100000.0,,,,,,,0.0479,1898999000,-296960000,-473639000,983888000,144024000.0,,,,5243000,1.0,473114000.0,188264000,52549000,14700000.0,66485000.0,10400000.0,56100000.0,14300000.0,65300000.0,,,,,,,,,0.04,140436000,28546000.0,241802000,,-1143000,10586000.0,,-918000.0,240960000.0,54552000.0,,,479325000,,55098000.0,,,,,,-1448000.0,-9975000.0,5686000,,615518000.0,4433070000,2968835000,482425000.0,,,50000000.0,,2850318000,1009206000.0,,8300000.0,,,141100000.0,54330000.0,86700000.0,,45000000.0,16717000.0,,,,,,,174.44,,,,,69910.0,,479241.0,64991000.0,,,3080717000,,,,,,,15269000.0,,240960000.0,,,,,,3497000.0,2113000.0,2248000.0,80406399,80276145,,,,
2020-05-05,False,117948168,,,55097000,419128000,,44597000.0,1525833000,217187000,,,,,9464000,,3934986000,831006000,,,,,,,,,,,356972000,,356972000.0,-46599000.0,,,,0.15,0.1,140000000,118133507,11813000,,,804194000,,,,,45000000.0,,,,,,,,,,,,,,,,,,,,,,,,,,,,,,,,261964000.0,,,,,,65435000,8191000,29314000.0,,,1.12,,1.11,,,176150000,,,,,,,,,,,,,,,,,-78000,19463000.0,180701000.0,47524000,,,,,,,,,,,,-3255000.0,,,755398.0,100000,,,,1248000,524483000,,11822000,,,,,,,,,,45700000.0,918937000,3934986000,428295000,490642000,,0.0,,,,,,,0.001,,45000000,45000000,45000000.0,45500000.0,,,,,,,0.0479,1898633000,-199949000,-50668000,204018000,,,,,-2469000,1.0,107693000.0,183170000,9850000,,,,,,,,,,,,,,,,130527000,4820000.0,228678000,,-3617000,8485000.0,,,178294000.0,18310000.0,,,52211000,,46421000.0,,,,,,-3345000.0,,1543000,,133177000.0,4479823000,2953990000,486408000.0,,,,,2787049000,987364000.0,,,,,,53768000.0,,,45000000.0,2073000.0,,,,,,,,,,,,,,,,,,3016049000,,1.5,,,,,,,,,,3600000.0,,,,,,119805572,119050174,,,,
2020-08-06,False,117331447,,125000000.0,51257000,387260000,,51464000.0,1577808000,181895000,,,,,9033000,,4080028000,968570000,,,,,,,,,,,518624000,,518624000.0,115053000.0,,,,0.15,0.1,280000000,117335353,11734000,,,697044000,,,,,144923000.0,,,,,,,,,,,,,-13400000.0,,248564000.0,,,,,,,,,,,,,,,,,,,,,,,65735000,7262000,27043000.0,,,1.26,,1.25,,,190678000,,,,,,,,,,,,,,,,,-140000,19463000.0,199005000.0,51200000,,,,,,,,,,,,-113042000.0,,,749706.0,765000,,,,231000,460906000,,12103000,,,,,,,,,,45700000.0,1097560000,4080028000,494174000,603386000,,0.0,,,,,,,0.001,,99923000,45000000,45000000.0,150400000.0,,,,,,,0.0479,1902486000,-283605000,-117558000,516216000,,,,,-161000,1.0,75412000.0,199166000,10910000,,,,,,,,,,,,,,,,136912000,4912000.0,254899000,,373000,8525000.0,,,306791000.0,35892000.0,,,120128000,,54161000.0,,,99923000.0,,,-3345000.0,,2570000,,147805000.0,4532891000,2955083000,491902000.0,,,,,2788839000,896210000.0,,,,,,52469000.0,,,144923000.0,4282000.0,,,,,,,,,,,,,,,,,,2982468000,,1.5,,,,,,,,,,4000000.0,511427.0,,,,,118359884,117610178,,,,
2020-11-06,False,117331447,,125000000.0,59229000,453346000,,60141000.0,1631398000,185991000,,,,,10286000,,4273688000,1138496000,205294000.0,,,,,,,,,,420396000,,420396000.0,16825000.0,,,,0.15,0.1,280000000,117331447,11733000,,,787922000,,,,,144927000.0,,,,,,,,,,,,,-25155000.0,,236809000.0,,,,,,,,,,,,,,,,,,,,,,,64983000,7622000,29923000.0,,,1.72,,1.71,,,217154000,,,,,,,,,,,,,,,,,-255000,19463000.0,268335000.0,66467000,,,,,,,,,,,,-23974000.0,,,745042.0,1071000,,,,123000,524658000,,12043000,,,,,,,,,,42100000.0,1102855000,4273688000,449288000,653567000,,0.0,,,,,,,0.001,,99927000,45000000,45000000.0,151100000.0,,,,,,,0.0479,1892005000,-301184000,-368449000,686458000,,,,,-1909000,1.0,90269000.0,270244000,11821000,,,12300000.0,89500000.0,,100200000.0,,,,,,,,,,180254000,5858000.0,316831000,,-961000,9578000.0,,100000.0,306791000.0,53471000.0,,,166459000,205301000.0,49882000.0,,,99923000.0,,,-3345000.0,,3411000,,201868000.0,4566873000,2935475000,495268000.0,,,,,2973109000,1058166000.0,,41000000.0,,,,54493000.0,,,144927000.0,8377000.0,,,,,,,,,,,,,,,,,205294000.0,3170833000,,1.5,,,,,,,,,,4900000.0,511427.0,,,,,117933440,117188398,,,,
2021-02-24,True,116937111,16302404841.0,,68511000,444653000,,51513000.0,1677398000,226451000,,612000.0,19000000.0,14300000.0,8979000,,4369410000,1243339000,330274000.0,,,,,,,,,,401430000,,401430000.0,-2141000.0,,,,0.6,0.1,280000000,117057696,11706000,,,3108247000,269693000.0,216469000.0,,53224000.0,99931000.0,,,,,,,,,79100000.0,84200000.0,-35372000.0,-41011000.0,-41011000.0,334391000.0,220210000.0,-5639000.0,117315000.0,,,,,,29451000.0,,43134000.0,15867000.0,,28863000.0,,217076000.0,,,3640000.0,330751000.0,,65400000.0,261300000.0,261259000,31542000,116943000.0,,71046000.0,5.71,,5.68,,,191303000,,,3800000.0,,,,,,,,,,,,,,-736000,,901364000.0,228682000,266506000.0,,189287000.0,,297000.0,39098000.0,,49045000.0,-1743000.0,8750000.0,-1459000.0,,-11659000.0,1722000.0,756023.0,2782000,,2473000.0,5686000.0,1830000,2053894000,,12226000,127836000.0,63790000.0,16017000.0,10052000.0,11278000.0,12688000.0,14011000.0,,21519000.0,42100000.0,1043122000,4369410000,373130000,669992000,,0.0,,,,,,,0.001,,99931000,0,,105400000.0,,,,,,,0.0479,1885649000,-383502000,-551663000,933024000,672682000.0,,,,-5518000,1.0,373431000.0,906882000,42364000,16000000.0,106317000.0,13000000.0,93300000.0,14500000.0,104400000.0,,,,,,,,,0.031,212040000,20588000.0,349851000,,-4566000,9569000.0,,100000.0,364057000.0,71023000.0,,,225081000,360160000.0,57413000.0,,,99923000.0,,29988000.0,-3345000.0,,3690000,,672682000.0,4591429000,2914031000,475264000.0,,,45000000.0,-2733000.0,3088131000,4015129000.0,,51100000.0,,,139600000.0,53092000.0,86500000.0,,99931000.0,11337000.0,,,,,,,,,,,,,,613996.0,64991000.0,,330274000.0,3326288000,,1.5,,,,11337000.0,,,364057000.0,,,,,,4095000.0,3248000.0,2650000.0,118493203,117737180,,,,
2021-05-04,False,115964663,,275000000.0,88452000,496125000,,87019000.0,1735519000,156126000,,,,,9498000,,4351863000,1223261000,310193000.0,,,,,,,,,,351900000,,351900000.0,-49530000.0,,,,0.2,0.1,280000000,115964663,11596000,,,856858000,,,,,99935000.0,,,,,,,,,,,,,,,220210000.0,,,,,,,,,,,,,,,,,,,,,,,63987000,8196000,31266000.0,,,1.71,,1.7,,,209143000,,,,,,,,,,,,,,,,,-603000,,269308000.0,69949000,,,,,,,,,,,,-6124000.0,,,757847.0,507000,,,,286000,545659000,,12975000,,,,,,,,,,40400000.0,1159946000,4351863000,513862000,646084000,,0.0,,,,,,,0.001,,99935000,0,,104700000.0,,,,,,,,1894361000,-336766000,-23072000,310308000,,,,,-349000,1.0,124156000.0,269657000,12922000,,,,,,,,,,,,,,,,220930000,4790000.0,325939000,,-128000,9553000.0,,,240215000.0,23232000.0,,,50953000,89965000.0,55490000.0,,,,,110190000.0,-4569000.0,,7656000,,199359000.0,4643191000,2907672000,481364000.0,,,,,3024195000,1126515000.0,,,,,,54304000.0,,,99935000.0,,,,,,,,,,,,,,,,,,310193000.0,3191917000,,,,,,,,,,,,,960330.0,,,,,117255740,116497893,,,,
2021-08-05,False,115810083,,275000000.0,90956000,548749000,,89680000.0,1796993000,160204000,,,,,9915000,,4534446000,1311115000,165254000.0,,,,,,,,,,484204000,,484204000.0,82774000.0,,,,0.2,0.1,280000000,115810083,11581000,,,953365000,,,,,99939000.0,,,,,,,,,,,,,,,220210000.0,,,,,,,,,,,,,,,,,,,,,,,63947000,8390000,33256000.0,,,2.33,,2.31,,,245762000,,,,,,,,,,,,,,,,,-701000,,364388000.0,94812000,,,,,,,,,,,,-15352000.0,,,740720.0,465000,,,,196000,611518000,,12904000,,,,,,,,,,39200000.0,1132068000,4534446000,482018000,650050000,,0.0,,,,,,,0.001,,99939000,0,,104000000.0,,,,,,,,1991845000,-400027000,-25490000,508291000,,,,,-1656000,1.0,137577000.0,366044000,14983000,,,,,,,,,,,,,,,,224604000,5340000.0,329901000,,-1387000,51307000.0,,,280215000.0,46408000.0,,,206109000,89965000.0,61601000.0,,,99923000.0,,255072000.0,-4654000.0,,15512000,,269576000.0,4795720000,2998727000,493870000.0,,,,,3230593000,1319409000.0,,,,,,55620000.0,,,99939000.0,,,,,,,,,,,,,,,,,,165254000.0,3402378000,,,,,,,,,,,,,960330.0,,,,,116561242,115820522,,,,
2021-11-03,False,115011172,,250000000.0,135044000,591783000,,96826000.0,1855390000,170340000,,,,,10348000,,4613120000,1278852000,224899000.0,,,,,,,,,,339761000,,339761000.0,-61669000.0,,,,0.2,0.1,280000000,115011172,11501000,,,1016636000,,,,,99943000.0,,,,,,,,,,,,,9193000.0,,228667000.0,,,,,,,,,,,,,,,,,,,,,,,65160000,8738000,34028000.0,,,2.48,,2.47,,,244168000,,,,,,,,,,,,,,,,,179000,,382951000.0,96317000,,,,,,,,,,,,-22915000.0,,,750523.0,371000,,,,178000,649685000,,13055000,,,,,,,,,,39200000.0,1193222000,4613120000,534291000,658931000,,0.0,,,,,,,0.001,,99943000,0,,104800000.0,,,,,,,,2096973000,-673102000,-261182000,872615000,,,,,-459000,1.0,146509000.0,383410000,15674000,,,,,,,,,,,,,,,,224154000,7493000.0,330321000,,-266000,62266000.0,,500000.0,536465000.0,69387000.0,,,384688000,254832000.0,60143000.0,,,99923000.0,,360203000.0,-4750000.0,,18635000,,286634000.0,4965504000,3110114000,502907000.0,,,,,3238057000,1400046000.0,,,,,,58253000.0,,,99943000.0,,,,,,,,,,,,,,,,,,224899000.0,3419898000,,,,,,,,,,,,,655365.0,,,,,116161555,115411032,,,,
2022-02-23,True,114863803,24053489079.0,250000000.0,82519000,567474000,,61988000.0,1919939000,174445000,,612000.0,28100000.0,15000000.0,9855000,,4821544000,1383787000,254433000.0,,,,,,,,,,462564000,,462564000.0,61134000.0,,,,0.8,0.1,280000000,115011172,11501000,,,3864726000,323883000.0,253084000.0,,70799000.0,99947000.0,,,,,,,,,90400000.0,95200000.0,26382000.0,30165000.0,30165000.0,364031000.0,248718000.0,3783000.0,116790000.0,,,,,,21349000.0,,43150000.0,21518000.0,,30773000.0,,247241000.0,,,4293000.0,359738000.0,,102000000.0,259900000.0,259883000,34149000,133452000.0,,92389000.0,8.94,,8.89,,,257905000,,,2900000.0,,,,,,,,,,,,,,563000,,,354048000,352826000.0,,291569000.0,,2443000.0,60036000.0,,125562000.0,14008000.0,-27929000.0,10963000.0,,-6729000.0,38387000.0,758578.0,1727000,,2655000.0,4232000.0,786000,2467985000,,13131000,121248000.0,53463000.0,16909000.0,10734000.0,11012000.0,13480000.0,15650000.0,,18459000.0,39200000.0,1141737000,4821544000,464234000,677503000,,0.0,,,,,,,0.001,,99947000,0,,104500000.0,,,,,,,0.0479,2146205000,-696184000,-455288000,1212606000,1034375000.0,16034000.0,,,-3179000,1.0,567615000.0,1391602000,53549000,19000000.0,102789000.0,14000000.0,88800000.0,17600000.0,100300000.0,,,,,,,,,0.03,222071000,26249000.0,328838000,,-2238000,12410000.0,,500000.0,536465000.0,92366000.0,,,550077000,359389000.0,67688000.0,,,99923000.0,,435130000.0,-4853000.0,,19548000,,1034375000.0,5135625000,3215686000,512340000.0,,,45000000.0,-4541000.0,3493861000,5256328000.0,,12200000.0,,,150600000.0,61822000.0,88700000.0,,99947000.0,15039000.0,,0.0,,0.0,,,,,,,,,,613996.0,64991000.0,,254433000.0,3679807000,,,,,,15039000.0,,,536465000.0,,,,655365.0,,6039000.0,3773000.0,1829000.0,116409989,115651411,1388423000.0,19218000.0,,
2022-05-04,False,113353760,,,117850000,669042000,,91135000.0,1983674000,133172000,,,,,12118000,,4722650000,1280957000,279183000.0,,,,,,,,,,262122000,,262122000.0,-200442000.0,,,,0.3,0.1,280000000,113761155,11376000,,,1091662000,,,,,99951000.0,,,,,,,,,,,,,,,248718000.0,,,,,,,,,,,,,,,,,,,,,,,67340000,9876000,35076000.0,,34128000.0,2.62,,2.6,,,223096000,,,,,,,,,,,,,,,,,1205000,,,105318000,,,,,,,,,,,,,,,754073.0,73000,,,,129000,680189000,,13486000,,,,,,,,,,40800000.0,1219343000,4722650000,578596000,640747000,,0.0,,,,,,,0.001,,99951000,0,,98100000.0,,,,,,,,2156600000,-480713000,-108454000,388725000,299751000.0,,,,-549000,1.0,191357000.0,405618000,16107000,,,,,,,,,,,,,,,,216385000,3704000.0,292078000,,-605000,12347000.0,,,338352000.0,34196000.0,,,93713000,75162000.0,58263000.0,,,,,49966000.0,-8165000.0,,10455000,,299751000.0,5208982000,3225308000,530304000.0,,,,-8062000.0,3358759000,1497280000.0,,,,,,63229000.0,,,99951000.0,,,,,,,,,,,,,,,,,,279183000.0,3503307000,,,,,,4291000.0,,,338352000.0,,,,,,,,,115172776,114418703,405069000.0,19218000.0,8115000.0,
2022-08-03,False,111773874,,,136480000,680096000,,92510000.0,2045151000,236991000,,,,,11855000,,4793867000,1209090000,224391000.0,,,,,,,,,,196134000,,196134000.0,-266430000.0,,,,0.3,0.1,280000000,112236107,11224000,,,1158743000,,,,,99955000.0,,,,,,,,,,,,,,,248718000.0,,,,,,,,,,,,,,,,,,,,,,,68310000,9898000,34952000.0,,33858000.0,3.33,,3.3,,,264070000,,,,,,,,,,,,,,,,,2061000,,,132135000,,,,,,,,,,,,,,,726114.0,213000,,,,471000,705710000,,13486000,,,,,,,,,,38800000.0,1238038000,4793867000,628178000,609860000,,0.0,,,,,,,0.001,,79955000,20000000,20000000.0,94700000.0,,,,,,,,2248493000,-808235000,-274248000,816053000,376078000.0,,,,-492000,1.0,236712000.0,508705000,16964000,,,,,,,,,,,,,,,,206045000,4400000.0,281187000,,-750000,12665000.0,,,731870000.0,68035000.0,,,323063000,99997000.0,87198000.0,,,,,129884000.0,-8330000.0,,18928000,,376078000.0,5423883000,3378732000,543806000.0,,,,-62000.0,3307614000,1667448000.0,,,,,,65241000.0,,,99955000.0,,,,,,,,,,,,,,,,,,224391000.0,3555829000,,,,,,3882000.0,,,293518000.0,,,,,,,,,113805149,113079035,508213000.0,8606000.0,15649000.0,
2022-11-03,False,110481622,,,120160000,630370000,,94154000.0,2105511000,240790000,,,,,11100000,,4811393000,1111197000,158829000.0,,,,,,,,,,216727000,,216727000.0,-245837000.0,,,,0.3,0.1,280000000,110954501,11095000,,,1107610000,,,,,99959000.0,,,,,,,,,,,,,20705000.0,,268384000.0,,,,,,,,,,,,,,,,,,,,,,,68347000,10288000,35753000.0,,33428000.0,3.38,,3.36,,,293688000,,,,,,,,,,,,,,,,,2584000,,,118664000,,,,,,,,,,,,,,,725678.0,997000,,,,1333000,675084000,,13506000,,,,,,,,,,38800000.0,1253223000,4811393000,639327000,613896000,,0.0,,,,,,,0.001,,79959000,20000000,20000000.0,89600000.0,,,,,,,,2344781000,-1187236000,-388835000,1330234000,377401000.0,,,,-15000,1.0,217260000.0,496080000,17491000,,,,,,,,,,,,,,,,208685000,2983000.0,265553000,,-351000,13327000.0,,500000.0,1077301000.0,101440000.0,,,504782000,163720000.0,81847000.0,,,,,259623000.0,-8495000.0,,20044000,,377401000.0,5597022000,3491511000,568131000.0,,,,-61000.0,3306285000,1603690000.0,,,,,,66228000.0,,,99959000.0,,,,,,,,,,,,,,,,,,158829000.0,3558170000,,,,,,3860000.0,,,977301000.0,,,,,,,,,112294938,111569260,496065000.0,10097000.0,24772000.0,
2023-02-22,True,110026430,23446631519.0,,106275000,578648000,,51933000.0,2128985000,244590000,,612000.0,29000000.0,15900000.0,10689000,,4838610000,933740000,49355000.0,,,,,,,,,,186312000,,186312000.0,-276252000.0,,,,1.2,0.1,280000000,110222819,11022000,,,4419445000,402182000.0,318571000.0,,83611000.0,99963000.0,,,,,,,,,83200000.0,88300000.0,51862000.0,62008000.0,62008000.0,413055000.0,310515000.0,10146000.0,103806000.0,,,,,,11767000.0,,39973000.0,20330000.0,,31736000.0,,309249000.0,,,5113000.0,407942000.0,,135200000.0,275600000.0,276050000,40584000,141239000.0,,134478000.0,12.26,,12.18,,,288278000,,,3300000.0,,,,,,,,,,,,,,3425000,,,464190000,396510000.0,,386683000.0,,1601000.0,75906000.0,,13009000.0,23756000.0,6480000.0,5464000.0,,-39552000.0,24714000.0,737029.0,1563000,,3260000.0,3953000.0,4884000,2716835000,,13516000,120300000.0,44561000.0,21243000.0,12374000.0,12888000.0,13264000.0,15970000.0,,22140000.0,38700000.0,1185693000,4838610000,529793000,655900000,,0.0,,,,,,,0.001,,79963000,20000000,20000000.0,92600000.0,,,,,,,0.0479,2501995000,-1420362000,-547472000,1691582000,1377159000.0,16034000.0,,,717000,1.0,852955000.0,1840632000,58301000,20000000.0,98160000.0,17300000.0,80800000.0,18600000.0,95200000.0,,,,,,,,,0.038,217802000,15372000.0,265422000,,-2604000,13743000.0,,500000.0,1277219000.0,134484000.0,,,775148000,163720000.0,92944000.0,,,99923000.0,,369300000.0,-8659000.0,,22096000,,1377159000.0,5816053000,3687068000,550442000.0,,,45000000.0,-8245000.0,3397305000,6260077000.0,,11600000.0,,,156000000.0,63307000.0,92700000.0,,99963000.0,15893000.0,,,,,,,,,,,,,,612520.0,,,49355000.0,3652917000,,,,,,15893000.0,,,1277219000.0,,,,,,6677000.0,2128000.0,1490000.0,113077820,112340791,1841349000.0,12738000.0,,
2023-05-08,False,109651528,,,119773000,564490000,,64626000.0,2168472000,240024000,,,,,11069000,,4957088000,896950000,,,,,,,,,,,207624000,,207624000.0,21312000.0,,,,0.4,0.1,280000000,109830927,10983000,,,1059087000,,,,,99967000.0,,,,,,,,,,,,,,,310515000.0,,,,,,,,,,,,,,,,,,,,,,,75947000,11017000,36701000.0,,43994000.0,2.59,,2.58,,,220539000,,,,,,,,,,,,,,,,,4345000,,,99111000,,,,,,,,,,,,,,,723000.0,200000,,,,2811000,652075000,,13598000,,,,,,,,,,37000000.0,1210589000,4957088000,569520000,641069000,,0.0,,,,,,,0.0009,,79967000,20000000,20000000.0,94200000.0,,,,,,,,2556832000,-194180000,-199875000,415367000,285038000.0,,,,1100000,1.0,192384000.0,383049000,16028000,,,,,,,,,,,,,,,,218674000,4775000.0,250587000,,-1511000,15389000.0,,,141666000.0,44052000.0,,,234736000,75162000.0,84640000.0,,,,,24578000.0,-8462000.0,,10283000,,285038000.0,6009936000,3841464000,605301000.0,,,,-8358000.0,3495492000,1442136000.0,,,,,,61714000.0,,,99967000.0,,,,,,,,,,,,,,,,,,24807000.0,3746499000,,,,,,3796000.0,,,338352000.0,,,,,,,,,110679000,109956000,384149000.0,12738000.0,8390000.0,
2023-08-04,False,109268081,,,96661000,543767000,,75598000.0,2146066000,239039000,,,,,10016000,,4978932000,730609000,,,,,,,,,,,55141000,,55141000.0,-131171000.0,,,,0.4,0.1,280000000,109337474,10934000,,,1021595000,,,,,79970000.0,,,,,,,,,,,,,,,310515000.0,,,,,,,,,,,,,,,,,,,,,,,79784000,11515000,36890000.0,,43780000.0,2.67,,2.65,,,249922000,,,,,,,,,,,,,,,,,6431000,,,99564000,,,,,,,,,,,,,,,678000.0,89000,,,,2368000,642841000,,14427000,,,,,,,,,,40200000.0,1146897000,4978932000,503018000,643879000,,0.0,,,,,,,0.0009,,59970000,20000000,20000000.0,74000000.0,,,,,,,,2620882000,-421444000,-412934000,703207000,292362000.0,,,,332000,1.0,165373000.0,391594000,15381000,,,,,,,,,,,,,,,,247224000,2609000.0,273394000,,-1947000,15620000.0,,,302195000.0,87827000.0,,,479396000,99997000.0,106722000.0,,,,,48852000.0,-11422000.0,,17610000,,292362000.0,6147165000,4001099000,613381000.0,,,20000000.0,-2855000.0,3582062000,1413189000.0,,,,,,60837000.0,,,,,,,,,,,,,,,,,,,,,0.0,3832035000,,,,,,1871000.0,,,731870000.0,,,,,,,,,110199000,109521000,391926000.0,9359000.0,14871000.0,79970000.0
